#{"t_start": 1662987100.9159007, "env_id": null}
r,l,t,is_success-14.0,3,4345.640591,
-14.0,3,4345.975814,
-14.0,3,4346.314652,
-14.0,3,4346.644457,
-14.0,3,4347.004078,
-14.0,3,4347.364844,
-14.0,3,4347.678911,
-14.0,3,4347.985766,
-12.888889,5,4348.346174,
-14.0,3,4348.672929,
-7.333334,11,4349.118217,
-14.0,3,4349.438692,
-14.0,3,4349.760639,
-12.888889,4,4350.080198,
-14.0,3,4350.398751,
-10.666666,6,4350.7785,
-14.0,4,4351.103672,
-14.0,3,4351.392767,
-14.0,3,4351.713779,
-14.0,3,4352.023452,
-12.888889,4,4352.338344,
-14.0,3,4352.659496,
-14.0,3,4352.983836,
-11.777778,7,4353.38025,
-14.0,3,4353.695516,
-14.0,3,4354.021539,
-14.0,3,4354.343852,
-12.888889,4,4354.68649,
-14.0,3,4355.008162,
-14.0,3,4355.326579,
-16.0,4,4355.641766,
-14.0,4,4355.932566,
-14.0,3,4356.241486,
-14.0,3,4356.567647,
-16.0,4,4356.908773,
-14.0,4,4357.243779,
-14.0,3,4357.590449,
-14.0,3,4357.89679,
-12.888889,4,4358.230432,
-14.0,3,4358.538992,
-14.0,3,4358.863524,
-14.0,3,4359.180431,
-14.0,3,4359.471617,
-14.0,5,4359.809742,
-6.2222233,10,4360.273438,
-7.8532767,6,4360.655301,
-14.0,3,4360.98784,
-14.0,3,4361.304137,
-14.0,3,4361.597827,
-14.0,3,4362.290099,
-14.0,3,4362.63888,
-14.0,3,4362.95376,
-11.777778,5,4363.314672,
-14.0,3,4363.632395,
-14.0,3,4363.949841,
-14.0,3,4364.263443,
-14.0,3,4364.581475,
-12.888889,4,4364.911281,
-11.777778,6,4365.283654,
-14.0,3,4365.620913,
-12.888889,4,4365.960658,
-14.0,3,4366.266885,
-14.0,3,4366.581943,
-11.777778,5,4366.939209,
-14.0,5,4367.307554,
-14.0,4,4367.632263,
-14.0,3,4367.963369,
-14.0,3,4368.288629,
-11.777778,5,4368.648323,
-14.0,3,4368.955726,
-12.888889,4,4369.288826,
-14.0,3,4369.596431,
-14.0,3,4369.922865,
-12.888889,4,4370.269632,
-4.519943,12,4370.738583,
-14.0,4,4371.08495,
-14.0,3,4371.407761,
-14.0,3,4371.691839,
-14.0,3,4371.990255,
-14.0,3,4372.286839,
-14.0,3,4372.59198,
-12.888889,4,4372.927394,
-14.0,3,4373.23301,
-14.0,3,4374.066514,
-14.0,4,4374.401829,
-14.0,3,4374.712705,
-14.0,3,4375.035812,
-14.0,3,4375.332597,
-14.0,3,4375.624149,
-14.0,3,4375.934986,
-14.0,3,4376.260039,
-14.0,3,4376.593106,
-14.0,3,4376.904469,
-14.0,3,4377.19017,
-14.0,3,4377.489706,
-14.0,3,4377.80629,
-14.0,3,4378.116857,
-14.0,3,4378.424123,
-11.777778,5,4378.774594,
-14.0,3,4379.428623,
-12.888889,4,4379.781266,
-14.0,3,4380.081137,
-14.0,3,4380.405485,
-14.0,4,4380.724615,
-14.0,3,4381.048678,
-12.888889,4,4381.369508,
-14.0,3,4381.65162,
-14.0,3,4381.947845,
-14.0,3,4382.271325,
-14.0,3,4382.581193,
-12.888889,4,4382.906554,
-14.0,3,4383.22544,
-14.0,3,4383.544739,
-14.0,3,4383.86222,
-14.0,3,4384.176089,
-12.888889,5,4384.505218,
-12.888889,5,4384.91768,
-14.0,3,4385.207904,
-14.0,3,4385.495382,
-14.0,4,4385.816114,
-16.0,4,4386.128633,
-14.0,3,4386.443082,
-14.0,3,4386.771235,
-14.0,3,4387.091071,
-14.0,4,4387.443012,
-14.0,3,4387.741851,
-14.888889,5,4388.105185,
-14.0,3,4388.411725,
-6.2222233,12,4388.915636,
-14.0,3,4389.233889,
-14.0,3,4389.542122,
-5.1111126,11,4390.020292,
-14.0,3,4390.316933,
-14.0,3,4390.621866,
-14.0,3,4390.953544,
-14.0,3,4391.269829,
-14.0,3,4391.589098,
-14.0,3,4391.900335,
-14.0,3,4392.230556,
-12.888889,4,4392.590038,
-14.0,3,4392.889084,
-14.0,3,4393.22401,
-14.0,3,4393.548259,
-14.0,3,4393.838737,
-14.0,3,4394.131608,
-14.0,3,4394.429338,
-12.888889,4,4394.765688,
-14.0,3,4395.079244,
-14.0,3,4395.387611,
-14.0,3,4396.091954,
-14.0,3,4396.392953,
-12.888889,4,4396.734738,
-14.0,3,4397.054281,
-14.0,3,4397.343579,
-6.2222233,10,4397.794989,
-14.0,3,4398.096108,
-14.0,3,4398.415158,
-14.0,3,4398.741025,
-14.0,3,4399.058595,
-14.0,3,4399.368921,
-14.0,3,4399.665497,
-14.0,3,4399.994072,
-14.0,3,4400.307408,
-14.0,3,4400.650519,
-14.0,4,4401.008566,
-14.0,3,4401.318488,
-14.0,3,4401.628889,
-12.888889,5,4401.992552,
-14.0,3,4402.300162,
-14.0,3,4402.616277,
-14.0,3,4402.920394,
-12.888889,4,4403.249501,
-14.0,4,4403.585621,
-14.0,3,4403.881888,
-10.666666,6,4404.270176,
-14.0,3,4404.599323,
-14.0,3,4404.915278,
-14.0,3,4405.734724,
-14.0,3,4406.013803,
-14.0,3,4406.328267,
-11.777778,6,4406.715601,
-12.888889,4,4407.01113,
-14.0,3,4407.316611,
-14.0,3,4407.608806,
-16.0,4,4407.946842,
-14.0,3,4408.255844,
-14.0,3,4408.577482,
-14.0,3,4408.891106,
-14.0,3,4409.195895,
-12.888889,4,4409.513515,
-11.777778,5,4409.873519,
-14.0,3,4410.183129,
-14.0,3,4410.490495,
-14.0,3,4410.810414,
-14.0,3,4411.129508,
-14.0,3,4411.440894,
-12.888889,4,4411.774946,
-5.1111126,11,4412.237548,
-14.0,3,4412.552746,
-14.0,4,4413.248837,
-10.666666,6,4413.654285,
-14.0,3,4413.944613,
-14.0,3,4414.26076,
-14.0,3,4414.582958,
-14.0,3,4414.871456,
-14.0,3,4415.206593,
-14.0,3,4415.518263,
-12.888889,4,4415.852711,
-12.888889,5,4416.200525,
-14.0,3,4416.531199,
-12.888889,4,4416.855217,
-11.777778,5,4417.205047,
-7.333334,9,4417.630818,
-16.0,4,4417.99614,
-14.0,4,4418.347502,
-14.0,3,4418.660883,
-14.0,3,4418.961065,
-14.0,3,4419.267578,
-14.0,3,4419.582985,
-14.0,3,4419.90625,
-16.0,4,4420.266975,
-14.0,3,4420.560995,
-14.0,3,4420.858932,
-12.888889,4,4421.262257,
-14.0,4,4421.607373,
-14.0,4,4421.93936,
-5.1111126,11,4422.386254,
-12.888889,4,4422.732813,
-14.0,3,4423.018893,
-14.0,3,4423.327498,
-14.0,3,4423.624943,
-12.888889,4,4423.930434,
-12.888889,4,4424.236211,
-11.777778,5,4424.576582,
-12.888889,4,4424.913908,
-14.0,3,4425.221344,
-12.888889,5,4425.545598,
-14.0,3,4425.859007,
-14.0,3,4426.181126,
-11.777778,5,4426.53405,
-14.0,3,4426.843417,
-14.0,3,4427.166116,
-14.0,3,4427.485354,
-14.0,3,4427.805502,
-8.964388,6,4428.196165,
-14.0,3,4428.52215,
-7.333334,10,4428.983367,
-11.777778,6,4429.342067,
-12.888889,4,4429.647741,
-14.0,3,4430.288919,
-14.0,3,4430.614829,
-14.0,3,4430.939996,
-10.002137,7,4431.28688,
-12.888889,4,4431.611544,
-14.0,3,4431.939934,
-14.0,3,4432.252413,
-14.0,3,4432.551818,
-6.2222233,10,4432.985559,
-12.888889,4,4433.316782,
-14.0,3,4433.625132,
-14.0,3,4433.956716,
-12.888889,4,4434.304467,
-14.0,3,4434.622854,
-12.888889,4,4434.9759,
-14.0,3,4435.257204,
-12.888889,4,4435.586871,
-10.666666,6,4435.959172,
-14.0,3,4436.274874,
-14.0,3,4437.118178,
-14.0,4,4437.451471,
-16.0,4,4437.803441,
-14.0,3,4438.122637,
-12.888889,4,4438.468532,
-14.0,3,4438.800324,
-14.0,3,4439.133946,
-12.888889,5,4439.495707,
-14.0,3,4439.796311,
-14.0,3,4440.118127,
-14.0,3,4440.432115,
-12.888889,4,4440.776984,
-14.0,3,4441.072702,
-14.0,3,4441.395237,
-14.0,3,4441.706999,
-14.0,4,4442.024239,
-14.0,3,4442.361199,
-14.0,3,4442.678464,
-14.0,3,4442.97403,
-14.0,3,4443.273911,
-12.888889,4,4443.607103,
-14.0,3,4443.927578,
-12.888889,4,4444.265519,
-14.0,4,4444.59745,
-11.777778,6,4444.929523,
-8.964388,5,4445.275445,
-14.0,3,4445.600091,
-12.888889,4,4445.926778,
-11.777778,5,4446.279115,
-14.0,4,4446.606679,
-14.0,3,4446.907956,
-14.0,3,4447.618578,
-8.964388,6,4448.025191,
-14.0,3,4448.405657,
-14.0,3,4448.721084,
-12.888889,4,4449.056511,
-14.0,3,4449.345418,
-12.888889,4,4449.672182,
-12.888889,4,4450.004537,
-14.0,3,4450.315941,
-14.0,3,4450.678956,
-12.888889,5,4451.059878,
-14.0,3,4451.387583,
-12.888889,4,4451.703507,
-12.888889,4,4452.056006,
-8.964388,5,4452.447053,
-14.0,3,4452.817574,
-14.0,3,4453.13308,
-14.0,3,4453.443566,
-14.0,3,4453.727516,
-14.0,3,4454.058351,
-14.0,3,4454.387408,
-12.888889,4,4454.712559,
-12.888889,4,4455.044266,
-14.0,3,4455.365469,
-14.0,3,4455.688155,
-14.0,3,4455.995726,
-14.0,3,4456.311401,
-14.0,3,4456.640868,
-14.0,3,4456.974839,
-14.0,3,4457.272297,
-5.1111126,11,4457.751243,
-11.777778,5,4458.105411,
-14.0,3,4458.40043,
-14.0,3,4458.679313,
-14.0,4,4459.012561,
-12.888889,5,4459.378405,
-14.0,4,4459.690594,
-14.0,3,4459.997207,
-6.2222233,10,4460.457958,
-14.0,3,4460.733161,
-14.0,3,4461.069681,
-14.0,3,4461.421647,
-12.888889,4,4461.783978,
-14.0,3,4462.101037,
-14.0,3,4462.409053,
-12.888889,4,4462.710418,
-14.0,3,4463.030952,
-12.888889,4,4463.383022,
-14.0,3,4463.690798,
-14.0,3,4464.012802,
-12.888889,4,4464.741688,
-14.0,3,4465.073749,
-14.0,3,4465.398063,
-14.0,3,4465.702317,
-14.0,3,4466.031716,
-12.888889,5,4466.377742,
-14.0,3,4466.688844,
-14.0,3,4466.981316,
-14.0,3,4467.302648,
-14.0,3,4467.608868,
-14.0,3,4467.914394,
-14.0,3,4468.774175,
-14.0,3,4469.090982,
-14.0,3,4469.400004,
-14.0,3,4469.711641,
-14.0,3,4470.022551,
-14.0,6,4470.373184,
-14.0,3,4470.658069,
-12.888889,4,4470.995722,
-14.0,3,4471.324751,
-10.666666,6,4471.794621,
-14.0,3,4472.104293,
-12.888889,4,4472.443401,
-14.0,3,4472.767722,
-16.0,4,4473.114257,
-14.0,3,4473.412669,
-14.0,3,4473.736201,
-11.777778,5,4474.099113,
-14.0,3,4474.387927,
-11.777778,6,4474.756704,
-14.0,3,4475.079726,
-14.0,3,4475.397007,
-14.0,3,4475.72185,
-14.0,3,4476.045222,
-12.888889,4,4476.387746,
-12.888889,6,4476.769661,
-11.777778,5,4477.115045,
-14.0,3,4477.433536,
-14.0,3,4477.740792,
-14.0,3,4478.058762,
-14.0,3,4478.369363,
-14.0,3,4478.6791,
-11.777778,5,4479.04272,
-14.0,3,4479.364168,
-12.888889,4,4479.668393,
-14.0,3,4479.953409,
-12.888889,4,4480.280566,
-14.0,5,4480.639694,
-14.0,3,4480.963145,
-14.0,3,4481.2636.36893,43,6659.234699,
-271.92664,52,6661.407349,
12.222216,21,6662.607068,
18.74002,27,6663.933787,
110.66256,136,6669.287357,
83.182434,104,6673.67989,
-2.2222242,8,6674.585306,
90.07135,111,6678.493319,
-5.5555563,5,6679.227909,
105.25586,134,6684.47428,
84.29353,98,6688.671701,
-7.7777777,3,6689.313804,
61.924522,66,6691.80208,
94.660385,112,6696.352149,
32.22221,40,6698.128839,
16.66666,25,6699.42295,
104.44246,120,6704.202539,
93.480194,105,6707.917873,
49.85113,55,6710.928698,
115.92044,153,6716.78125,
116.06926,147,6722.428626,
29.999989,38,6724.132343,
5.5555515,15,6725.22334,
-5.5555563,5,6725.972188,
48.88887,55,6728.109146,
-13.893163,21,6729.321676,
-5.5555563,5,6730.113944,
-5.5555563,5,6730.884922,
-2.2222242,8,6731.740092,
10.813383,20,6733.607374,
53.03561,58,6735.826847,
69.85118,73,6738.554953,
114.44037,144,6744.15651,
-6.666667,4,6744.85413,
167.46753,289,6755.089305,
5.5555515,15,6756.860323,
166.21396,268,6765.837026,
162.32509,258,6774.488271,
1.1111088,11,6775.453967,
160.77168,289,6785.463868,
35.40668,42,6787.293748,
14.295578,23,6788.525091,
148.14273,200,6795.710785,
14.444439,23,6799.243556,
58.59117,65,6801.851377,
155.47394,219,6809.724032,
118.81357,144,6815.326595,
16.66666,25,6816.648635,
100.88693,146,6822.328771,
130.66263,162,6829.357914,
174.61424,254,6837.85225,
155.02731,249,6846.633297,
155.43404,225,6855.142089,
5.2578297,16,6856.216539,
146.02519,215,6863.629726,
-5.704417,5,6864.456297,
141.58717,196,6871.617237,
-5.7044163,5,6872.427999,
124.88483,166,6878.742951,
48.293427,54,6881.690292,
170.02309,278,6891.169634,
170.02739,260,6899.855351,
15.406689,24,6901.117323,
8.740023,18,6903.447027,
29.851124,37,6905.799992,
167.92484,192,6911.912006,
-3.4821959,7,6913.402626,
86.5179,90,6916.651282,
168.8871,198,6923.699925,
-5.7044163,5,6924.465456,
35.40668,42,6926.257506,
26.517796,35,6927.869061,
170.88496,235,6935.683012,
-4.5933056,6,6936.439508,
152.66699,208,6943.63212,
12.073357,21,6945.604743,
16.5178,25,6946.990592,
34.29557,41,6948.7634,
170.96046,205,6955.90238,
17.62891,26,6957.214411,
167.77597,200,6964.271304,
167.70264,188,6971.113463,
-589.59296,274,6980.354322,
155.80086,210,6987.94082,
168.96048,191,6994.946678,
-356.41528,90,6998.141067,
30.813381,38,6999.847374,
7.480051,17,7001.85374,
69.95805,94,7005.318594,
-2.5199442,8,7006.178124,
34.551258,58,7008.517229,
-310.6394,165,7014.878118,
11.924494,21,7016.234267,
-710.3462,183,7023.38088,
143.5851,215,7030.922897,
-397.30658,330,7042.699252,
27.480045,36,7044.38102,
8.995716,35,7046.031502,
67.182365,73,7049.68396,
-442.93945,117,7053.721893,
0,3,4521.93672,
-14.0,3,4522.242082,
-14.0,3,4522.563042,
-14.0,3,4522.885416,
-14.0,3,4523.271762,
-14.0,3,4523.638656,
-14.0,3,4524.008991,
-12.888889,4,4524.363621,
-12.888889,4,4524.703278,
-14.0,3,4525.031842,
-16.0,4,4525.398796,
-14.0,3,4525.721533,
-16.0,5,4526.050318,
-14.0,3,4526.351997,
-14.0,3,4526.671148,
-14.0,3,4526.985583,
-12.888889,4,4527.319138,
-14.0,3,4527.628576,
-12.888889,4,4527.937875,
-7.333334,9,4528.372835,
-14.0,3,4528.707473,
-2.8888912,14,4529.233931,
-14.0,3,4529.537821,
-14.0,3,4529.87021,
-14.0,4,4530.209671,
-14.0,3,4530.535148,
-14.0,3,4531.38015,
-5.1111126,12,4531.883758,
-14.888889,5,4532.220424,
-11.777778,6,4532.747408,
-14.0,3,4533.059148,
-14.0,3,4533.380941,
-14.0,3,4533.699608,
-11.777778,5,4534.425873,
-14.0,3,4534.806767,
-14.0,3,4535.1493,
-14.0,3,4535.48699,
-14.0,3,4535.820321,
-14.0,4,4536.131649,
-14.0,3,4536.450977,
-14.0,3,4536.782164,
-14.0,4,4537.115066,
-14.0,3,4537.44226,
-14.0,3,4537.744724,
-8.742166,10,4538.19782,
-14.0,3,4538.484948,
-8.964388,5,4538.837503,
-14.0,3,4539.129245,
-14.0,3,4539.45536,
-12.888889,4,4539.80539,
-14.0,4,4540.130767,
-14.0,3,4540.43644,
-14.0,4,4540.785223,
-14.0,3,4541.087806,
-12.888889,4,4541.426012,
-14.0,3,4541.757289,
-12.888889,4,4542.095748,
-14.0,3,4542.416432,
-14.0,3,4542.722381,
-11.777778,5,4543.059016,
-14.0,3,4543.394073,
-12.888889,4,4543.743044,
-14.0,3,4544.069367,
-14.0,3,4544.384167,
-12.888889,4,4544.723809,
-12.888889,5,4545.071033,
-12.888889,4,4545.41703,
-14.0,3,4545.741092,
-14.0,3,4546.067058,
-14.0,3,4546.387217,
-14.0,3,4546.703607,
-14.0,3,4547.025879,
-10.666666,7,4547.441448,
-14.0,3,4547.768575,
-14.0,3,4548.066681,
-14.0,3,4548.365297,
-14.0,3,4548.692069,
-14.0,3,4549.017764,
-12.888889,4,4549.320874,
-12.888889,4,4549.657912,
-14.0,3,4549.988893,
-14.0,4,4550.315027,
-14.0,3,4550.622464,
-14.0,3,4551.297223,
-12.888889,4,4551.609552,
-12.888889,4,4551.897375,
-14.0,3,4552.214477,
-14.0,3,4552.522632,
-14.0,3,4552.822305,
-14.0,4,4553.156595,
-14.0,3,4553.443327,
-14.0,3,4553.763192,
-14.0,3,4554.088876,
-12.888889,4,4554.42599,
-8.964388,5,4554.795134,
-12.888889,4,4555.140285,
-12.888889,4,4555.477844,
-14.0,3,4555.800995,
-12.888889,4,4556.129203,
-11.777778,5,4556.489583,
-14.0,3,4556.775064,
-14.0,3,4557.096357,
-14.0,3,4557.400034,
-14.0,3,4557.726419,
-14.0,3,4558.037105,
-14.0,3,4558.381963,
-14.0,3,4558.699898,
-14.0,3,4559.035358,
-14.0,3,4559.330196,
-14.0,3,4559.627224,
-14.0,3,4559.937068,
-12.888889,4,4560.277952,
-12.888889,4,4560.612716,
-12.888889,4,4560.956304,
-14.0,3,4561.295114,
-14.0,3,4561.62688,
-12.888889,4,4561.955459,
-11.777778,5,4562.300308,
-14.0,3,4562.604394,
-12.888889,4,4563.445257,
-14.0,3,4563.751734,
-14.0,3,4564.067038,
-14.0,3,4564.392853,
-11.777778,5,4564.753476,
-14.0,3,4565.084274,
-8.964388,5,4565.454229,
-12.888889,4,4565.782449,
-14.888889,5,4566.139768,
-14.0,3,4566.470298,
-14.0,3,4566.783016,
-8.964388,5,4567.158029,
-14.0,3,4567.493761,
-14.0,3,4567.857515,
-14.0,4,4568.58187,
-14.0,3,4568.921827,
-14.0,3,4569.245702,
-8.964388,5,4569.604874,
-14.0,3,4569.939903,
-12.888889,5,4570.315806,
-14.0,3,4570.641716,
-14.0,3,4570.968583,
-14.0,4,4571.323473,
-14.0,3,4571.654703,
-14.0,3,4571.979235,
-12.888889,4,4572.313195,
-14.0,3,4572.651465,
-14.0,3,4572.966575,
-14.0,3,4573.301948,
-12.888889,4,4573.65258,
-14.0,3,4573.96523,
-11.777778,5,4574.299776,
-14.0,3,4574.639745,
-14.0,3,4574.927745,
-14.0,3,4575.249188,
-12.888889,4,4575.595568,
-14.0,3,4575.906667,
-14.0,3,4576.237847,
-14.0,3,4576.553454,
-14.0,3,4576.881639,
-14.0,3,4577.185671,
-14.0,3,4577.49572,
-14.0,4,4577.844769,
-14.0,3,4578.183209,
-11.777778,5,4578.543565,
-14.0,3,4578.877619,
-14.0,3,4579.202175,
-14.0,3,4579.545986,
-14.0,3,4579.8443,
-14.0,3,4580.145392,
-14.0,3,4580.465812,
-14.0,3,4580.785231,
-14.0,3,4581.118959,
-14.0,3,4581.445895,
-14.0,3,4581.77257,
-14.0,3,4582.078309,
-12.888889,4,4582.406404,
-14.0,3,4582.733264,
-14.0,3,4583.045601,
-14.0,3,4583.33926,
-11.777778,5,4583.70874,
-14.0,3,4584.03724,
-14.0,3,4584.380332,
-14.0,3,4584.702395,
-14.0,3,4585.375592,
-12.888889,4,4585.725574,
-14.0,3,4586.043981,
-14.0,3,4586.382001,
-14.0,3,4586.713635,
-14.0,3,4587.051563,
-14.0,3,4587.377414,
-14.0,3,4587.687518,
-14.0,3,4588.009702,
-14.0,3,4588.336318,
-14.0,3,4588.644504,
-12.888889,4,4588.983702,
-14.0,3,4589.317157,
-14.0,3,4589.647626,
-14.0,3,4589.969578,
-14.0,3,4590.293097,
-14.0,3,4590.600109,
-14.0,3,4590.893907,
-14.0,3,4591.205904,
-12.888889,4,4591.556762,
-14.0,3,47.549137,18,6211.558298,
-69.704414,15,6212.702276,
-77.85327,14,6213.843584,
-7.9266376,3,6214.752785,
-12.930918,21,6216.574052,
-18.815529,8,6217.672159,
-28.115389,16,6218.984388,
41.61393,56,6222.157047,
18.955826,34,6224.019228,
-0.71297646,45,6226.134746,
-5.853277,6,6227.063558,
-88.48647,33,6229.427351,
-4.782057,17,6230.705753,
-99.893166,27,6232.288924,
-114.22863,41,6234.367788,
37.39385,49,6237.241227,
-53.832615,82,6240.588973,
-15.010696,44,6243.300039,
-13.673086,25,6244.798587,
15.215797,41,6246.753282,
-29.966528,17,6248.173136,
-55.74431,21,6249.565953,
-41.371082,10,6251.15759,
-7.928776,9,6252.227087,
-5.8931675,16,6253.523492,
-52.92878,20,6254.831053,
-6.5598354,21,6256.096352,
-98.15313,34,6257.803209,
22.031326,37,6260.235908,
-151.74431,33,6261.892809,
-29.297722,11,6262.955786,
-4.635338,23,6264.281851,
-108.299835,33,6265.90192,
-153.07764,39,6268.424853,
19.920216,29,6269.978491,
21.658104,40,6271.943086,
29.878185,45,6274.147584,
-8.482194,3,6274.841704,
-7.004278,15,6276.592926,
11.733608,28,6278.158662,
-25.151,14,6279.332783,
-111.14885,22,6280.772706,
-7.853277,6,6281.652715,
-145.89743,54,6284.528594,
-101.708694,38,6286.46214,
11.882469,28,6288.136948,
-67.0755,16,6289.263742,
0.57832146,61,6292.254058,
-5.297722,6,6293.243803,
2.033472,13,6294.484926,
0.36680603,11,6295.550247,
-65.44872,28,6297.069582,
-109.524216,35,6298.936277,
20.249271,39,6301.526574,
4.513527,15,6303.167287,
-9.235065,62,6305.897146,
1.0669422,24,6307.366961,
-1.4508648,26,6309.755146,
-118.45293,66,6312.706532,
-106.268524,53,6315.089579,
-6.0420284,16,6317.006917,
-64.59544,19,6318.40572,
3.2934418,14,6319.57889,
-98.81553,15,6320.747553,
13.658108,30,6322.322974,
-57.415253,43,6324.331984,
-66.25997,11,6326.178379,
-73.26425,26,6327.904423,
-13.22436,9,6328.935461,
-17.92664,5,6329.761132,
6.329054,17,6331.04099,
16.13816,32,6332.651211,
-74.633194,24,6334.020094,
-3.6310549,7,6335.019988,
-58.482193,8,6336.408016,
23.955826,39,6338.189575,
144.28642,153,6344.649676,
-54.26851,42,6346.814445,
173.60484,184,6353.912297,
23.727184,50,6356.944452,
117.77284,130,6362.558689,
-78.48219,10,6363.65886,
132.13968,138,6369.676056,
87.74576,95,6373.525988,
-21.151,12,6375.184356,
-68.48219,9,6376.08885,
171.90468,180,6382.69888,
125.47087,139,6388.502818,
14.769218,31,6390.171975,
15.02919,25,6391.713654,
91.16464,180,6399.155356,
-7.926639,3,6399.950115,
-4.8910265,6,6400.89073,
135.91318,146,6406.595261,
176.68034,186,6413.623672,
164.31136,169,6420.070198,
-4.7421665,6,6421.661867,
168.34697,180,6428.558669,
-117.96653,25,6430.457111,
148.24869,158,6437.057359,
103.01218,113,6442.049764,
86.05846,97,6446.043364,
103.270004,114,6450.799722,
91.75218,104,6455.319054,
48.362522,55,6458.316036,
69.72508,81,6462.268055,
-9.037749,2,6463.072185,
85.42526,106,6467.713981,
98.71658,111,6471.894262,
82.57626,94,6476.361324,
142.1084,152,6482.529089,
85.16527,96,6486.799159,
87.794205,99,6490.801803,
130.04572,144,6497.113055,
100.82985,112,6502.135861,
112.71448,124,6507.281713,
43.79637,115,6511.616201,
114.49011,126,6517.112076,
83.16101,99,6521.921738,
105.24513,117,6526.753886,
-1.2599735,9,6527.737665,
118.57849,129,6533.021443,
67.03139,77,6536.029556,
-44.335472,11,6537.032124,
139.47174,156,6543.243937,
107.834145,118,6548.271096,
-1.7065525,9,6549.242464,
5.2578316,15,6550.383881,
15.257828,24,6551.77408,
145.24097,157,6557.745428,
100.698135,113,6562.462882,
69.95804,82,6566.323608,
0.8133888,11,6567.324803,
111.167496,128,6571.975825,
81.09834,97,6576.420155,
-1.2599735,9,6577.541957,
93.91606,105,6582.059688,
62.58693,73,6584.906748,
71.922424,82,6588.702227,
97.6561,109,6593.329519,
71.76927,81,6596.536027,
30.515656,38,6598.381049,
104.87834,117,6603.681576,
66.88466,72,6607.502149,
97.99371,117,6612.286897,
107.32922,132,6618.005007,
54.144592,65,6621.777876,
90.664635,99,6625.835682,
89.32916,101,6630.470104,
-2.2222242,8,6631.355903,
8.740023,18,6632.611437,
-5.7044163,5,6633.548204,
40.957966,59,6636.790535,
112.10702,139,6642.038841,
6.5911617,19,6646.114606,
89.40466,93,6649.700978,
-2.3710842,8,6650.66083,
79.95805,92,6654.981752,
0.96224785,11,6655.980542,
113.17822,129,6661.406122,
71.10904,83,6664.932776,
88.144684,96,6669.577361,
24.293434,38,6671.510964,
80.960205,96,6675.995002,
51.10898,63,6678.936318,
102.991585,122,6684.365276,
55.106857,67,6687.231828,
104.7003,123,6692.666837,
78.44026,93,6696.88022,
60.513565,73,6699.933681,
60.960144,74,6703.653043,
.0,3,4662.413198,
-14.0,3,4662.721234,
-14.0,3,4663.051649,
-14.0,3,4663.331444,
-12.888889,4,4663.678656,
-12.888889,4,4664.006713,
-8.964388,5,4664.364608,
-14.0,3,4664.681738,
-14.0,3,4665.020307,
-14.0,3,4665.350184,
-14.0,3,4665.697716,
-14.0,3,4666.021165,
-8.964388,6,4666.39994,
-14.0,3,4666.714873,
-14.0,3,4667.038208,
-14.0,3,4667.354587,
-14.0,3,4667.675497,
-14.0,4,4668.016621,
-14.0,3,4668.340738,
-14.0,4,4668.663486,
-14.0,3,4668.991414,
-8.964388,5,4669.36191,
-14.0,3,4669.661291,
-14.0,3,4669.992207,
-14.0,4,4670.340126,
-14.0,3,4670.697611,
-12.888889,4,4671.035066,
-14.0,3,4671.357677,
-14.0,3,4672.055417,
-11.777778,5,4672.437932,
-14.0,4,4672.791948,
-14.0,3,4673.122527,
-14.0,3,4673.453032,
-14.0,3,4673.752158,
-14.0,3,4674.073725,
-14.0,3,4674.39503,
-14.0,3,4674.736291,
-14.0,3,4675.069472,
-14.0,3,4675.405709,
-14.0,3,4675.709652,
-14.0,3,4676.039455,
-14.888889,5,4676.410586,
-14.0,3,4676.737716,
-12.888889,4,4677.081804,
-14.0,3,4677.384876,
-14.0,3,4677.707603,
-14.0,3,4678.035828,
-14.0,3,4678.34396,
-8.964388,6,4678.739604,
-14.0,3,4679.038505,
-14.0,3,4679.366189,
-14.0,3,4679.691,
-11.777778,5,4680.041529,
-14.0,3,4680.361938,
-14.0,3,4680.663296,
-14.0,3,4680.966088,
-14.0,3,4681.28766,
-14.0,3,4681.625999,
-14.0,3,4681.951005,
-10.666666,6,4682.322099,
-14.0,3,4682.639474,
-14.0,3,4682.93992,
-14.0,3,4683.25674,
-14.0,3,4683.577538,
-14.0,3,4683.890253,
-14.0,3,4684.207896,
-14.0,3,4684.507926,
-14.0,3,4684.825696,
-14.0,3,4685.139219,
-14.0,3,4685.47128,
-14.0,3,4685.770996,
-14.0,3,4686.082879,
-14.0,3,4686.405706,
-14.0,3,4686.735163,
-14.0,3,4687.037234,
-14.0,3,4687.345977,
-14.0,3,4687.650354,
-12.888889,4,4687.999756,
-14.0,3,4688.678892,
-14.0,3,4689.024384,
-12.888889,4,4689.361451,
-14.0,3,4689.691525,
-14.0,3,4690.007953,
-14.0,3,4690.326591,
-14.0,3,4690.632121,
-14.0,3,4690.948666,
-12.888889,4,4691.299375,
-14.0,3,4691.593794,
-14.0,3,4691.909589,
-14.0,3,4692.225741,
-14.0,3,4692.545255,
-14.0,3,4692.84863,
-14.0,3,4693.159595,
-11.777778,5,4693.507167,
-14.0,3,4693.794379,
-14.0,3,4694.115738,
-8.964388,5,4694.435273,
-14.0,3,4694.703984,
-14.0,3,4695.023097,
-14.0,3,4695.869756,
-14.0,3,4696.201671,
-14.0,3,4696.49061,
-10.666666,6,4696.866471,
-12.888889,5,4697.218815,
-14.0,3,4697.551237,
-8.964388,6,4697.923722,
-14.0,3,4698.238613,
-14.0,3,4698.552938,
-14.0,3,4698.880013,
-14.0,3,4699.214395,
-12.888889,4,4699.570537,
-11.777778,5,4699.939368,
-14.0,3,4700.249661,
-14.0,3,4700.612281,
-14.0,3,4700.95529,
-14.0,3,4701.2816,
-14.0,3,4701.598723,
-12.888889,4,4701.9422,
-14.0,3,4702.271595,
-14.0,3,4702.606304,
-14.0,3,4702.93513,
-14.0,3,4703.257665,
-14.0,4,4703.614704,
-14.0,4,4703.932885,
-14.0,3,4704.252881,
-6.7421656,7,4704.658238,
-14.0,3,4704.986418,
-14.0,3,4705.303546,
-14.0,3,4706.022645,
-14.0,3,4706.35644,
-14.0,3,4706.683387,
-12.888889,4,4707.002576,
-14.0,3,4707.302152,
-12.888889,4,4707.670675,
-14.0,3,4707.9752,
-8.964388,5,4708.316538,
-14.0,3,4708.646379,
-14.0,3,4708.987709,
-14.0,3,4709.303504,
-14.0,3,4709.616831,
-14.0,3,4709.949719,
-14.0,3,4710.286642,
-14.0,3,4710.580728,
-14.0,3,4710.914533,
-14.0,3,4711.246978,
-11.777778,5,4711.615059,
-12.888889,6,4712.008993,
-14.0,3,4712.324059,
-14.0,3,4712.61132,
-14.0,3,4712.923642,
-14.0,3,4713.237646,
-14.0,3,4713.570076,
-14.0,3,4713.892967,
-14.0,3,4714.201658,
-14.0,3,4714.547613,
-14.0,3,4714.849464,
-14.0,3,4715.172434,
-14.0,3,4715.512561,
-14.0,3,4715.829865,
-14.0,4,4716.173199,
-14.0,3,4716.495531,
-14.0,3,4716.810443,
-14.0,3,4717.13066,
-14.0,3,4717.448009,
-14.0,3,4717.780221,
-14.0,3,4718.093457,
-14.0,3,4718.399606,
-14.0,3,4718.69967,
-14.0,3,4719.036092,
-12.888889,5,4719.412131,
-14.0,4,4719.730303,
-14.0,3,4720.065697,
-12.888889,4,4720.403012,
-14.0,3,4720.743596,
-12.888889,4,4721.107052,
-14.0,3,4721.444084,
-14.0,3,4721.759102,
-14.0,3,4722.07152,
-12.888889,4,4722.792604,
-8.964388,6,4723.205289,
-14.0,3,4723.521201,
-14.0,3,4723.85445,
-14.0,3,4724.167302,
-14.0,3,4724.499373,
-14.0,3,4724.829422,
-10.964388,6,4725.219,
-11.777778,5,4725.575048,
-14.0,3,4725.898474,
-12.888889,4,4726.22066,
-14.0,3,4726.517207,
-14.0,3,4726.837571,
-14.0,3,4727.173832,
-8.964388,5,4728.10992,
-14.0,3,4728.442798,
-14.0,4,4728.762651,
-14.0,3,4729.075176,
-14.0,3,4729.378005,
-14.0,3,4729.694726,
-14.0,4,4730.054556,
-12.888889,4,4730.38402,
-8.964388,5,4730.777344,
-11.777778,5,4731.14182,
-14.0,3,4731.478633,
-14.0,3,4731.796471,
-14.0,3,4732.114034,
-14.0,3,4732.417153,
-14.0,3,4732.75619,
-14.0,3,4733.082148,
-14.0,3,4733.410417,
-12.888889,4,4733.750053,
-14.0,3,4734.071709,
-12.888889,4,4734.420119,
-14.0,3,4734.7356,
-14.0,3,4735.065974,
-12.888889,4,4735.427197,
-12.888889,4,4736.827466,
-12.888889,4,4737.159024,
-8.964388,5,4737.501474,
-8.964388,5,4737.85372,
-14.0,3,4738.20176,
-16.0,4,4738.542302,
-8.964388,5,4738.91162,
-60.815525,12,4739.42301,
-14.0,3,4739.730403,
-14.0,3,4740.067986,
-16.0,4,4740.41522,
-8.891027,8,4740.831241,
-16.0,4,4741.168144,
-14.0,4,4741.860526,
-8.964388,5,4742.222039,
-12.888889,4,4742.548748,
-12.888889,4,4742.895562,
-14.0,5,4743.242774,
-12.888889,4,4743.585615,
-12.888889,4,4743.923684,
-12.888889,4,4744.261606,
-14.0,3,4744.596897,
-11.777778,5,4744.971309,
-12.888889,5,4745.399419,
-12.888889,4,4745.758564,
-8.964388,5,4746.11672,
-12.888889,4,4746.443851,
-14.0,3,4746.753952,
-10.666666,7,4747.138217,
-14.0,3,4747.451022,
-8.964388,5,4747.821077,
-14.0,3,4748.117476,
-11.777778,6,4748.478196,
-12.888889,4,4748.812101,
-14.0,3,4749.179796,
-14.0,3,4749.508905,
-14.0,3,4749.854801,
-10.964388,6,4750.238214,
-14.0,3,4750.563241,
-12.888889,4,4750.904422,
-14.0,3,4751.234728,
-14.0,3,4751.555167,
-14.0,4,4751.93274,
-8.964388,5,4752.292267,
-12.888889,4,4752.653836,
-11.777778,5,4752.991464,
-11.777778,6,4753.390156,
-8.964388,6,4753.763909,
-14.0,3,4754.091392,
-10.666666,6,4754.490192,
-11.777778,5,4754.852029,
-12.888889,5,4755.204575,
-8.964388,7,4755.611538,
-14.0,3,4755.928174,
-14.0,5,4756.301893,
-6.7421656,7,4756.709313,
-12.888889,5,4757.070547,
-14.0,3,4757.383057,
-11.777778,5,4757.709267,
-14.0,3,4758.041753,
-8.964388,5,4758.374205,
-12.888889,4,4758.675238,
-14.0,3,4758.999916,
-11.777778,5,4760.297818,
-8.964388,5,4760.705829,
-8.964388,5,4761.1435,
-8.964388,5,4761.50646,
-14.0,4,4761.84534,
-12.888889,4,4762.185997,
-7.8532767,6,4762.567255,
-11.777778,5,4762.926939,
-8.964388,5,4763.271255,
-14.0,3,4763.607619,
-11.777778,5,4763.97042,
-12.888889,4,4764.291108,
-8.964388,6,4764.664131,
-3.7065535,10,4765.131169,
-12.888889,4,4765.489981,
-14.0,3,4765.780945,
-14.0,3,4766.04906,
-14.0,3,4766.35847,
-14.0,3,4766.697536,
-14.0,3,4767.018001,
-11.777778,5,4767.393939,
-5.631055,8,4767.7966,
-8.964388,5,4768.15188,
-10.964388,6,4768.528728,
-12.888889,4,4768.854552,
-14.0,3,4769.154945,
-12.888889,5,4769.494796,
-12.888889,4,4769.802999,
-14.0,3,4770.12032,
-8.964388,5,4770.485956,
-12.888889,4,4770.824281,
-14.0,3,4771.152014,
-14.0,3,4771.478407,
-18.0,5,4771.850112,
-12.888889,4,4772.183862,
-16.0,4,4772.528818,
-8.964388,5,4772.880672,
-8.964388,5,4773.252772,
-14.0,3,4773.534555,
-14.0,3,4773.835887,
-14.0,3,4774.156705,
-14.0,3,4774.486088,
-8.964388,5,4774.840683,
-14.0,3,4775.151223,
-12.888889,5,4775.506738,
-14.0,3,4775.804751,
-16.0,4,4776.132496,
-8.964388,5,4776.484356,
-11.704416,9,4776.919685,
-8.964388,5,4777.288648,
-8.964388,6,4778.03295,
-11.777778,5,4778.40063,
-8.964388,5,4778.751364,
-12.888889,5,4779.097456,
-16.0,4,4779.428127,
-14.0,3,4779.765113,
-14.0,3,4780.089947,
-7.631054,11,4780.590397,
-14.0,3,4780.913478,
-12.888889,4,4781.252089,
-9.853277,7,4781.642025,
-7.8532767,8,4782.0787,
-11.777778,5,4782.42777,
-11.777778,5,4782.786218,
-14.0,3,4783.125937,
-11.777778,5,4783.498042,
-12.888889,4,4783.831072,
-14.0,3,4784.172904,
-14.0,3,4784.480688,
-13.777778,7,4784.872065,
-14.0,4,4785.200613,
-6.7421656,7,4785.585997,
-14.0,3,4785.889816,
-14.0,4,4786.239113,
-14.0,3,4786.555199,
-14.888889,5,4786.957578,
-14.0,3,4787.30328,
-14.888889,5,4787.66479,
-14.0,3,4787.979047,
-8.964388,5,4788.332362,
-12.888889,4,4788.688114,
-16.0,4,4789.017424,
-11.777778,5,4789.38034,
-10.002137,7,4790.326487,
-18.0,5,4790.693225,
-7.8532763,6,4791.08276,
-12.888889,4,4791.431779,
-14.0,3,4791.732911,
-14.0,3,4792.013647,
-4.8176656,9,4792.449317,
-14.0,3,4792.756784,
-14.0,3,4793.069857,
-14.0,3,4793.355162,
-8.964388,5,4793.705812,
-14.0,3,4794.037175,
-11.777778,6,4794.434171,
-12.888889,4,4794.773201,
-16.88889,6,4795.150975,
-14.0,3,4795.471643,
-14.0,3,4795.765137,
-14.0,3,4796.477017,
-14.0,3,4796.821106,
-14.0,4,4797.17278,
-14.0,3,4797.485915,
-14.0,3,4797.840557,
-14.0,3,4798.150931,
-10.964388,7,4798.562789,
-14.0,3,4798.894596,
-14.0,4,4799.235136,
-16.0,4,4799.568425,
-14.0,3,4799.895941,
-20.259972,9,4800.360157,
-11.777778,5,4800.733363,
-16.0,4,4801.090054,
-8.964388,5,4801.444596,
-6.7421656,7,4801.860597,
-12.888889,4,4802.214981,
-12.888889,4,4802.546411,
-14.0,3,4802.877183,
-14.0,3,4803.190865,
-11.777778,6,4803.580014,
-10.666666,6,4803.975602,
-12.888889,4,4804.318842,
-5.631055,8,4804.708498,
-14.0,3,4805.042611,
-104.00214,23,4805.79811,
-8.964388,5,4806.175787,
-7.8532767,6,4806.56957,
-12.888889,4,4806.918353,
-9.555555,7,4807.307992,
-7.8532763,6,4807.691034,
-11.777778,5,4808.044018,
-18.0,5,4808.401004,
-12.888889,4,4808.740741,
-7.8532767,7,4809.152623,
-14.0,3,4809.486597,
-14.0,3,4809.817172,
-7.8532767,6,4810.199148,
-14.0,4,4810.547685,
-14.0,3,4810.849684,
-8.964388,5,4811.206204,
-14.0,3,4811.537255,
-12.888889,4,4811.895908,
-10.002137,7,4812.30039,
-14.0,3,4812.619732,
-7.8532767,6,4813.001299,
-8.964388,5,4813.367251,
-8.964388,5,4813.726415,
-14.0,3,4814.04393,
-10.666666,6,4814.444658,
-7.8532767,6,4815.212549,
-10.964388,6,4815.615456,
-7.8532767,6,4815.995705,
-10.002137,7,4816.40033,
-12.888889,4,4816.716452,
-14.0,3,4817.039745,
-12.888889,4,4817.352301,
-14.0,3,4817.638696,
-9.555555,8,4818.052674,
-14.0,3,4818.371047,
-8.964388,6,4818.720232,
-14.0,3,4819.032581,
-8.742166,8,4819.445156,
-8.964388,5,4820.340098,
-14.0,3,4820.65377,
-12.888889,4,4821.002057,
-10.666666,6,4821.375958,
-8.964388,5,4821.758249,
-8.964388,5,4822.127423,
-8.964388,5,4822.499099,
-14.0,3,4822.843272,
-14.0,3,4823.191771,
-7.779916,9,4823.656372,
-14.0,3,4823.963266,
-14.0,3,4824.253224,
-16.0,4,4824.609194,
-8.964388,7,4825.024654,
-10.964388,6,4825.41804,
-11.777778,6,4825.803863,
-14.0,3,4826.131953,
-8.964388,5,4826.462053,
-12.888889,5,4826.833983,
-14.0,3,4827.154913,
-14.0,4,4827.515159,
-14.0,3,4827.837821,
-14.0,3,4828.145755,
-8.964388,5,4828.484621,
-14.0,3,4828.811691,
-8.964388,6,4829.208392,
-7.9266386,3,4829.541897,
-10.002137,7,4829.93998,
-14.0,3,4830.265165,
-10.666666,6,4830.657223,
-12.888889,4,4831.026524,
-14.0,3,4831.355184,
-8.964388,5,4831.723407,
-8.964388,5,4832.087652,
-14.0,3,4832.400466,
-12.888889,4,4832.755468,
-8.964388,5,4833.095643,
-10.964388,7,4833.8666,
-14.0,3,4834.227302,
-10.891027,10,4834.805143,
-14.0,3,4835.14045,
-14.0,3,4835.459858,
-12.888889,4,4835.835528,
-14.0,4,4836.205734,
-8.964388,5,4836.580208,
-12.888889,4,4836.92426,
-14.0,3,4837.227414,
-12.888889,4,4837.589138,
-12.888889,4,4837.956073,
-14.0,3,4838.300142,
-8.964388,5,4838.665956,
-14.0,3,4839.027567,
-8.964388,5,4839.416162,
-8.964388,5,4839.766972,
-14.0,3,4840.115764,
-8.964388,5,4840.505565,
-12.888889,4,4840.834985,
-12.888889,6,4841.206844,
-12.888889,6,4841.603218,
-7.8532767,7,4842.02787,
-14.0,3,4842.384782,
-11.777778,5,4842.771525,
-12.888889,4,4843.118664,
-16.0,4,4843.476803,
-7.8532767,6,4843.88591,
-14.0,3,4844.241979,
-6.7421656,7,4844.669805,
-7.8532763,6,4845.045153,
-7.8532763,6,4845.478805,
-10.666666,6,4845.887877,
-14.0,3,4846.17595,
-14.0,3,4846.48292,
-8.964388,6,4846.837652,
-16.0,4,4847.193125,
-11.777778,5,4847.545291,
-8.964388,5,4847.913785,
-14.888889,5,4848.306754,
-5.631055,10,4848.737796,
-12.888889,5,4849.067833,
-14.0,3,4849.921659,
-14.888889,5,4850.297943,
-14.0,3,4850.607996,
-14.0,3,4850.920634,
-14.0,3,4851.237805,
-12.888889,4,4851.578289,
-14.0,3,4851.892077,
-7.8532763,6,4852.265148,
-14.0,3,4852.980354,
-12.888889,4,4853.334313,
-7.8532767,7,4853.701099,
-11.777778,5,4854.032704,
-8.964388,5,4854.412689,
-9.853277,9,4854.86264,
-14.0,3,4855.256181,
-8.964388,5,4855.663576,
-14.0,3,4856.003781,
-11.777778,5,4856.386932,
-14.0,3,4856.734617,
-12.888889,4,4857.102594,
-8.964388,7,4857.529606,
-12.888889,4,4857.897335,
-14.0,4,4858.258748,
-14.0,3,4858.595692,
-14.0,3,4858.932586,
-14.0,3,4859.291948,
-14.0,3,4859.63775,
-6.7421656,8,4860.099581,
-14.0,3,4861.899131,
-14.0,3,4862.249485,
-138.4822,23,4863.035299,
-8.964388,5,4863.407395,
-14.0,3,4863.744217,
-7.8532767,6,4864.165244,
-14.0,3,4864.499856,
-14.0,3,4864.838308,
-11.777778,5,4865.192719,
-14.0,3,4865.547811,
-14.0,5,4865.938797,
-8.964388,5,4866.292734,
-11.853276,8,4866.727391,
-8.964388,5,4867.090641,
-12.888889,4,4867.466505,
-14.0,3,4867.808614,
-12.888889,4,4868.185878,
-7.8532767,6,4868.607406,
-11.777778,5,4868.957314,
-11.777778,5,4869.30683,
-12.888889,6,4869.699569,
-14.0,3,4870.051066,
-8.964388,5,4870.420416,
-12.888889,4,4870.768106,
-14.0,4,4871.123116,
-14.0,3,4871.468251,
-13.777778,6,4871.846793,
-14.0,3,4872.176697,
-16.0,4,4872.54139,
-14.0,3,4872.876914,
-14.0,3,4873.576825,
-32.964386,10,4874.030138,
-8.964388,5,4874.415369,
-8.964388,5,4874.763335,
-14.0,3,4875.079084,
-8.891027,8,4875.510273,
-14.0,3,4875.844411,
-8.964388,5,4876.199952,
-12.888889,4,4876.543051,
-10.666666,6,4876.936987,
-8.964388,5,4877.301449,
-12.888889,5,4877.675591,
-14.0,3,4877.993681,
-7.8532763,6,4878.369756,
-8.964388,5,4878.724515,
-14.0,3,4879.057454,
-14.0,3,4879.372542,
-14.0,3,4879.688439,
-11.704416,8,4880.100442,
-6.668804,10,4880.563143,
-11.777778,5,4880.938161,
-14.0,3,4881.265481,
-12.888889,4,4881.61135,
-14.0,4,4881.939979,
-14.0,3,4882.332029,
-14.0,3,4882.67948,
-11.777778,5,4883.034803,
-8.891027,8,4883.455268,
-14.0,3,4883.795912,
-14.0,3,4884.086794,
-8.964388,5,4884.451362,
-14.0,4,4884.800586,
-14.0,4,4885.113846,
-14.0,3,4885.428129,
-8.964388,5,4885.782207,
-16.0,4,4886.116148,
-14.0,4,4886.42786,
-14.0,3,4886.747694,
-14.0,3,4887.064137,
-8.964388,5,4887.421262,
-11.777778,5,4887.793002,
-6.668804,11,4888.287993,
-14.0,3,4888.612604,
-14.0,3,4888.922764,
-14.0,3,4889.250007,
-8.964388,6,4889.640428,
-11.777778,5,4890.005482,
-14.0,3,4890.337104,
-14.0,3,4891.212103,
-8.964388,5,4891.558899,
-8.964388,5,4892.276761,
-12.888889,4,4892.656943,
-8.964388,5,4893.042383,
-11.777778,6,4893.445621,
-8.964388,5,4893.825677,
-7.8532767,6,4894.210291,
-14.0,3,4894.538024,
-14.0,3,4894.860843,
-14.0,4,4895.200876,
-8.964388,5,4895.582065,
-10.964388,7,4895.996494,
-12.888889,4,4896.316367,
-14.0,3,4896.629089,
-8.964388,5,4897.00426,
-16.0,5,4897.375401,
-12.888889,4,4897.742528,
-7.8532763,6,4898.132706,
-14.0,3,4898.435992,
-12.888889,4,4898.787002,
-8.964388,5,4899.165453,
-14.0,3,4899.481422,
-6.7421656,7,4899.889607,
-14.0,3,4900.207031,
-18.0,5,4900.568988,
-12.888889,4,4900.918286,
-7.8532767,6,4901.306296,
-14.0,3,4901.635313,
-14.0,3,4901.94533,
-12.888889,4,4902.307178,
-12.888889,5,4903.926688,
-14.0,3,4904.228913,
-9.853277,7,4904.62817,
-10.964388,6,4905.017742,
-7.8532763,6,4905.409724,
-10.666666,6,4905.789102,
-12.888889,4,4906.149876,
-7.631055,9,4906.604099,
-14.0,3,4906.937168,
-7.8532767,6,4907.308819,
-16.0,4,4907.644095,
-8.964388,6,4908.014476,
-14.0,3,4908.34543,
-12.888889,5,4908.706089,
-14.0,3,4908.99712,
-14.0,3,4909.33385,
-8.964388,5,4909.69679,
-8.891027,8,4910.088715,
-8.964388,5,4910.42575,
-8.964388,5,4910.763157,
-14.0,4,4911.085436,
-14.0,3,4911.776685,
-10.964388,6,4912.163876,
-6.7421656,7,4912.574888,
-10.666666,7,4912.975649,
-12.888889,4,4913.310755,
-8.964388,5,4913.679201,
-8.964388,5,4914.03135,
-11.704416,9,4914.451062,
-14.0,3,4914.769989,
-7.8532767,6,4915.153403,
-12.888889,4,4915.507889,
-14.0,3,4915.820655,
-12.888889,4,4916.132523,
-8.964388,6,4916.502419,
-11.777778,5,4916.856297,
-14.0,3,4917.171122,
-12.888889,4,4917.512062,
-7.8532767,6,4917.881929,
-8.964388,5,4918.239323,
-14.0,3,4918.557157,
-16.88889,6,4918.920145,
-7.8532767,6,4919.297211,
-7.8532767,6,4919.670752,
-8.964388,6,4920.155078,
-8.742166,9,4920.608317,
-16.0,4,4920.939517,
-7.8532767,6,4921.323186,
-11.777778,5,4921.709818,
-11.777778,5,4922.076464,
-12.888889,5,49-6.668804,10,5051.554233,
-14.0,3,5051.872036,
-5.5555553,5,5052.231056,
-7.779916,11,5052.736887,
-8.891027,8,5053.202608,
-7.8532767,6,5053.583801,
-7.8532763,6,5054.000221,
-6.7421656,7,5054.43177,
-8.964388,5,5054.821968,
-8.964388,5,5055.187584,
-10.666666,6,5055.583031,
-5.631055,8,5056.022812,
-12.888889,4,5056.346541,
-5.631055,8,5056.756087,
-6.7421656,7,5057.14623,
-9.853277,7,5057.549044,
-12.888889,4,5057.908287,
-14.0,3,5058.195885,
-5.631055,9,5058.656152,
-14.0,3,5058.99268,
-4.5933056,6,5059.735001,
-8.964388,5,5060.10543,
-4.519943,10,5060.55785,
-12.888889,4,5060.851233,
-8.964388,5,5061.210145,
-9.853277,7,5061.60754,
-8.964388,5,5061.978709,
-7.8532767,7,5062.382521,
-14.0,3,5062.675364,
-8.964388,5,5063.097295,
-7.8532767,6,5063.525237,
-11.777778,5,5063.922338,
-16.0,4,5064.282785,
-7.8532767,6,5064.660245,
-14.0,3,5064.98655,
-14.0,3,5065.293176,
-8.964388,5,5065.630783,
-6.7421656,7,5066.040069,
-9.555555,8,5066.476309,
-8.964388,5,5066.815813,
-5.631055,9,5067.224045,
-8.964388,5,5067.561689,
-8.964388,5,5067.95166,
-14.0,3,5068.260765,
-6.668804,10,5068.67561,
-9.853277,8,5069.068864,
-8.964388,5,5069.387778,
-14.0,3,5069.732296,
-8.964388,6,5070.111795,
-5.631055,8,5070.551939,
-8.964388,6,5070.948793,
-10.666666,6,5071.347429,
-4.519943,11,5071.833015,
-7.8532767,6,5072.168873,
-7.8532767,6,5072.549243,
-6.7421656,8,5072.927694,
-8.964388,5,5073.262753,
-11.777778,6,5073.637296,
-8.964388,5,5073.964803,
-8.964388,5,5074.295417,
-12.888889,4,5074.621179,
-12.888889,4,5074.939859,
-7.8532767,6,5075.287808,
-7.8532767,6,5075.654171,
-5.5576935,11,5076.113301,
-12.888889,4,5076.459006,
-14.0,3,5076.802393,
-14.0,3,5077.133559,
-8.964388,5,5077.506951,
-8.964388,5,5077.850698,
-11.777778,5,5078.59534,
-8.964388,5,5078.978194,
-8.964388,5,5079.373315,
-11.777778,5,5079.751847,
-2.2977219,12,5080.274501,
-8.964388,6,5081.262009,
-8.964388,5,5081.599501,
-7.8532767,6,5081.980304,
-12.888889,4,5082.333221,
-8.964388,5,5082.676043,
-8.964388,5,5083.060153,
-8.964388,5,5083.425171,
-8.964388,5,5083.767191,
-8.964388,5,5084.088715,
-11.777778,5,5084.425579,
-9.555555,8,5084.829026,
-3.4088326,12,5085.312435,
-8.964388,5,5085.662506,
-7.631055,9,5086.119951,
-6.7421656,7,5086.548843,
-6.519943,10,5087.034779,
-12.888889,4,5087.375638,
-7.8532767,6,5087.767445,
-7.8532767,6,5088.150878,
-10.964388,6,5088.536948,
-8.964388,5,5088.90354,
-6.7421656,7,5089.251829,
-7.8532767,6,5089.607136,
-12.888889,4,5089.960029,
-10.002137,7,5090.370217,
-6.7421656,7,5090.759023,
-14.0,3,5091.100146,
-14.0,3,5091.449478,
-8.964388,5,5091.832035,
-6.7421656,7,5092.223636,
-12.888889,4,5092.587266,
-8.964388,5,5092.946724,
-7.8532763,6,5093.310586,
-8.964388,5,5093.66062,
-12.888889,4,5094.005393,
-8.964388,5,5094.341713,
-8.964388,5,5094.701681,
-8.964388,5,5095.078992,
-12.888889,4,5095.445018,
-7.8532763,6,5097.240612,
-8.964388,5,5097.667524,
-8.964388,5,5098.115486,
-12.888889,4,5098.462453,
-8.964388,5,5098.804412,
-8.964388,5,5099.154406,
-14.0,3,5099.822084,
-14.0,4,5100.177513,
-7.8532767,6,5100.557226,
-6.7421656,7,5100.906862,
-11.777778,5,5101.3056,
-8.964388,5,5101.698579,
-6.7421656,7,5102.110636,
-10.666666,6,5102.499672,
-6.7421656,7,5102.868675,
-8.964388,5,5103.188544,
-14.0,3,5103.5235,
-17.631054,11,5104.0309,
-12.593306,10,5104.471428,
-8.964388,5,5104.819703,
-8.964388,5,5105.179842,
-11.777778,6,5105.584776,
-12.888889,4,5105.911574,
-14.0,3,5106.20773,
-7.8532767,6,5106.591548,
-5.631055,9,5107.035495,
-12.888889,5,5107.400701,
-22.482193,6,5107.773308,
-8.964388,5,5108.157497,
-7.8532767,8,5108.55147,
-7.8532767,6,5108.933618,
-6.668805,11,5109.398406,
-14.0,3,5109.71604,
-8.964388,5,5110.096265,
-8.964388,6,5110.460407,
-7.8532767,6,5110.855129,
-9.555555,7,5111.256073,
-14.0,3,5111.580689,
-8.964388,5,5111.915852,
-5.631055,8,5112.311586,
-14.0,3,5112.648282,
-7.8532767,6,5113.055665,
-8.964388,5,5113.403286,
-8.964388,5,5113.736014,
-8.964388,5,5114.098292,
-7.8532767,6,5114.481868,
-24.446583,14,5115.045353,
-8.964388,5,5115.366172,
-8.964388,5,5115.708017,
-14.0,3,5116.040921,
-14.0,3,5116.360091,
-8.891027,8,5116.761517,
-14.0,4,5117.053511,
-7.8532767,6,5117.420693,
-8.964388,5,5117.828872,
-8.964388,5,5118.165519,
-5.631055,8,5119.003738,
-8.964388,5,5119.384581,
-8.964388,5,5119.724136,
-8.964388,5,5120.097534,
-7.8532767,6,5120.487609,
-8.964388,5,5120.824758,
-9.555555,7,5121.17483,
-8.891027,8,5121.583786,
-14.0,3,5121.887399,
-9.853277,7,5122.29109,
-5.631055,8,5122.698612,
-8.964388,5,5123.058907,
-11.777778,5,5123.427196,
-9.853276,7,5123.800952,
-7.8532767,6,5124.160177,
-8.964388,5,5124.503836,
-8.964388,5,5124.859677,
-5.631055,8,5125.275946,
-7.8532767,6,5125.631424,
-12.888889,4,5125.96219,
-14.0,3,5126.886094,
-2.2977219,11,5127.395588,
-28.891026,10,5127.880063,
-10.666666,6,5128.278621,
-12.888889,4,5128.58159,
-10.964388,7,5128.971927,
-7.8532767,6,5129.342977,
-14.0,3,5129.670039,
-12.888889,4,5130.025924,
-4.519943,9,5130.489407,
-4.519943,9,5130.94057,
-7.8532767,6,5131.352742,
-7.8532767,6,5131.744409,
-11.777778,5,5132.11647,
-8.964388,5,5132.484067,
-5.631055,8,5132.882203,
-3.4088326,10,5133.322825,
-8.444445,8,5133.751864,
-11.777778,5,5134.145458,
-11.777778,5,5134.481539,
-7.779916,9,5134.925746,
-8.742166,8,5135.348942,
-12.888889,4,5135.700297,
-8.964388,5,5136.092728,
-11.777778,5,5136.460652,
-12.888889,4,5136.793984,
-8.964388,5,5137.160085,
-8.964388,5,5137.536171,
-7.779916,9,5137.939232,
-11.777778,5,5138.270141,
-14.0,3,5138.983965,
-6.7421656,7,5139.44153,
-8.964388,6,5139.832967,
-2.2977219,11,5140.311321,
-6.7421656,8,5140.763927,
-11.777778,6,5141.12166,
-9.853276,7,5141.53059,
-14.0,3,5141.833654,
-9.555555,8,5142.257157,
-14.0,3,5142.557719,
-8.964388,5,5142.946796,
-14.0,3,5143.266844,
-12.888889,4,5143.60208,
-11.777778,6,5143.95044,
-12.888889,4,5144.311682,
-7.8532763,6,5144.683778,
-7.8532767,7,5145.100677,
-14.0,3,5145.433854,
-7.7799153,9,5145.854574,
-9.853276,7,5146.248784,
-6.7421656,7,5146.648836,
-8.964388,5,5147.010662,
-8.964388,5,5147.349899,
-6.7421656,7,5147.742275,
-10.964388,6,5148.130843,
-14.0,3,5148.433253,
-14.0,3,5148.780997,
-5.631055,8,5149.216522,
-6.7421656,7,5149.612785,
-12.888889,4,5149.94465,
-8.964388,5,5150.269493,
-12.888889,4,5150.607567,
-8.964388,5,5150.963984,
-16.0,4,5151.34996,
-11.777778,5,5151.750486,
-14.0,3,5152.070614,
-7.8532763,6,5152.46839,
-7.8532767,6,5152.870356,
-8.964388,5,5153.214301,
-10.666666,6,5153.58884,
-11.777778,5,5153.928298,
-14.0,3,5154.283298,
-6.7421656,7,5154.677971,
-12.888889,4,5155.028702,
-11.777778,5,5155.375031,
-7.8532767,6,5156.343841,
-7.8532767,6,5156.739249,
-8.964388,5,5157.086972,
-7.8532767,6,5157.448653,
-9.555555,8,5157.836126,
-12.888889,4,5158.571216,
-14.0,3,5158.908842,
-6.7421656,7,5159.274872,
-6.7421656,7,5159.672515,
-11.777778,5,5160.00281,
-8.964388,5,5160.337661,
-7.8532767,6,5160.725272,
-8.964388,5,5161.12467,
-14.0,3,5161.449917,
-16.0,4,5161.81245,
-14.0,4,5162.178524,
-7.8532763,6,5162.579072,
-14.0,3,5162.89415,
-6.7421656,7,5163.321773,
-8.891027,8,5163.729011,
-8.964388,5,5164.073326,
-8.964388,5,5164.416992,
-16.0,4,5164.77772,
-6.7421656,7,5165.223792,
-9.555555,8,5165.682825,
-14.0,3,5166.039348,
-8.964388,5,5166.421737,
-7.8532767,6,5166.806937,
-8.964388,5,5167.21985,
-8.891027,8,5167.69887,
-7.8532767,6,5168.063724,
-12.888889,4,5168.424208,
-7.7799153,9,5168.871993,
-5.631055,9,5169.305771,
-6.7421656,7,5169.696962,
-5.631055,8,5170.087678,
-8.891027,8,5170.479816,
-10.666666,6,5170.864651,
-12.888889,4,5171.20817,
-8.891027,8,5171.597914,
-7.8532767,6,5171.992625,
-8.964388,5,5172.380081,
-8.742166,10,5172.830579,
-10.964388,6,5173.204492,
-8.964388,6,5173.545009,
-7.8532767,6,5173.926444,
-7.779916,9,5174.380004,
-6.7421656,7,5174.747139,
-7.779916,10,5175.207596,
-10.964388,6,5175.588013,
-5.631055,9,5176.017811,
-14.0,3,5176.348429,
-4.519943,9,5176.783492,
-8.964388,5,5177.13355,
-8.964388,5,5177.508708,
-8.891027,8,5178.324525,
-12.888889,4,5178.674982,
-7.8532767,6,5179.080381,
-8.964388,5,5179.462942,
-12.888889,4,5179.790536,
-5.631055,9,5180.219719,
-4.446582,12,5180.707302,
-14.0,3,5181.012732,
-4.519943,9,5181.470805,
-8.964388,5,5181.793861,
-10.002137,7,5182.181059,
-7.8532767,6,5182.59378,
-7.8532767,6,5182.934686,
-7.8532767,6,5183.302034,
-7.8532767,8,5183.738333,
-14.0,3,5184.062794,
-14.0,3,5184.391637,
-8.964388,5,5184.734607,
-5.631055,8,5185.159738,
-14.0,3,5185.463525,
-8.964388,5,5185.808682,
-8.964388,5,5186.174089,
-14.0,3,5186.507078,
-7.631055,9,5187.519336,
-12.888889,4,5187.831493,
-26.668804,14,5188.364931,
-8.964388,5,5188.729528,
-11.777778,5,5189.04081,
-7.8532767,6,5189.408745,
-8.964388,5,5198.603771,
-4.519943,9,5199.061351,
-8.964388,5,5199.418347,
-3.4088326,10,5199.919651,
-7.8532767,6,5200.343796,
-7.8532767,6,5200.735343,
-12.888889,4,5201.154528,
-8.964388,5,5201.521855,
-6.7421656,7,5201.927962,
-5.631055,8,5202.375986,
-8.444445,9,5202.801903,
-10.964388,6,5203.170369,
-4.4444447,6,5203.523428,
-7.8532767,6,5203.903948,
-8.964388,5,5204.282161,
-6.7421656,7,5204.704004,
-4.519943,9,5205.150523,
-9.482195,11,5205.639286,
-12.888889,4,5205.989691,
-7.8532767,6,5206.376657,
-6.668804,10,5206.840089,
-7.8532767,7,5207.630007,
-8.964388,5,5208.003395,
-3.4088326,10,5208.467232,
-7.333334,9,5208.895375,
-5.631055,8,5209.337228,
-7.8532767,6,5209.71996,
-14.0,3,5210.052387,
-10.666667,7,5210.445362,
-10.666666,6,5210.811985,
-7.8532767,6,5211.210488,
-7.8532767,6,5211.623011,
-7.8532767,6,5211.988476,
-5.631055,8,5212.425204,
-7.8532767,6,5212.813473,
-8.964388,5,5213.196407,
-8.891027,9,5213.638331,
-8.964388,5,5214.005409,
-7.8532767,6,5214.404377,
-11.777778,5,5214.738244,
-7.8532767,6,5215.095701,
-9.853277,7,5215.471742,
-8.964388,5,5215.811622,
-8.444445,9,5216.251609,
-4.5933056,6,5216.589633,
-6.7421656,7,5216.98779,
-1.4843321,12,5217.485147,
-7.8532767,6,5217.854171,
-4.519943,9,5218.273776,
-8.964388,5,5218.623753,
-8.964388,5,5218.932899,
-5.631055,9,5219.345115,
-8.964388,5,5219.706356,
-7.8532767,6,5220.092051,
-8.964388,5,5220.460516,
-12.888889,4,5220.777747,
-7.8532767,6,5221.166328,
-7.8532767,6,5221.54811,
-9.111113,13,5222.098202,
-5.631055,8,5222.539215,
-5.631055,8,5222.954573,
-9.482194,10,5223.438636,
-7.8532767,6,5223.846303,
-5.631055,8,5224.255551,
-7.8532767,6,5224.64705,
-5.631055,8,5225.067478,
-4.519943,9,5226.127193,
-7.8532767,6,5226.499727,
-8.371083,12,5227.029434,
-7.8532767,7,5227.495018,
-7.8532767,6,5227.873351,
-10.666666,6,5228.585089,
-11.777778,5,5228.976235,
-5.631055,8,5229.398326,
-6.7421656,7,5229.834061,
-10.593306,9,5230.292596,
-6.7421656,7,5230.717807,
-11.777778,5,5231.111114,
-8.964388,6,5231.516468,
-7.8532767,6,5231.974968,
-8.964388,5,5232.302051,
-8.964388,5,5232.680433,
-3.4088326,10,5233.114078,
-7.8532767,6,5233.483631,
-5.631055,9,5233.957731,
-6.519944,10,5234.416621,
-12.888889,4,5234.744274,
-3.7065535,10,5235.195932,
-4.000002,13,5235.710559,
-12.666666,7,5236.091925,
-8.964388,5,5236.451992,
-10.666666,6,5236.828882,
-12.444445,10,5237.361643,
-5.631055,8,5237.808053,
-6.7421656,7,5238.231097,
-6.7421656,7,5238.651304,
-8.742166,8,5239.077909,
-8.964388,6,5239.471766,
-8.964388,5,5239.836253,
-7.8532767,6,5240.242734,
-5.631055,8,5240.678416,
-5.631055,8,5241.126776,
-6.8155274,4,5241.46632,
-7.8532767,6,5241.815374,
-5.631055,8,5242.217855,
-2.2977219,12,5242.721034,
-1.1866112,12,5243.198379,
-8.964388,5,5243.583136,
-6.7421656,7,5243.982698,
-4.519944,9,5244.389595,
-11.777778,5,5244.713308,
-7.8532767,6,5245.06593,
-7.8532767,6,5245.42089,
-7.8532767,6,5245.791101,
-8.891027,8,5246.196462,
-7.8532767,6,5246.582338,
-9.853277,8,5247.023786,
-5.631055,8,5247.474621,
-8.964388,5,5247.823572,
-14.0,3,5248.144125,
-8.964388,5,5248.514438,
-8.742166,8,5249.341622,
-7.8532767,6,5249.748617,
-8.964388,5,5250.062782,
-14.0,3,5250.367349,
-8.964388,5,5250.755001,
-7.8532767,6,5251.122472,
-8.964388,5,5251.480077,
-8.964388,6,5251.862147,
-7.8532767,6,5252.261108,
-7.8532767,6,5252.663505,
-7.631055,11,5253.134295,
-10.964388,6,5253.537355,
-3.4088326,10,5254.003281,
-8.964388,5,5254.372672,
-8.964388,6,5254.741198,
-2.2977219,11,5255.797673,
-12.964388,7,5256.183022,
-6.7421656,7,5256.57799,
-4.519943,9,5257.036902,
-5.631055,8,5257.490739,
-7.8532767,6,5257.879129,
-7.8532767,7,5258.359115,
-6.7421656,7,5258.807573,
-11.777778,5,5259.211824,
-10.964388,6,5259.648295,
-6.7421656,7,5260.053589,
-9.853277,7,5260.461647,
-7.8532767,6,5260.820119,
-5.631055,8,5261.230016,
-7.8532767,6,5261.612342,
-8.964388,5,5261.999033,
-8.964388,5,5262.364447,
-8.964388,5,5262.74546,
-12.888889,6,5263.128765,
-8.964388,5,5263.580863,
-9.555555,7,5263.998653,
-6.7421656,8,5264.438931,
-6.7421656,7,5264.840993,
-7.8532767,6,5265.225302,
-9.853277,7,5265.625243,
-8.964388,5,5266.003351,
-8.964388,5,5266.391304,
-3.4088326,10,5266.877473,
-8.964388,5,5267.250774,
-10.964388,6,5267.642513,
-8.964388,5,5267.984071,
-8.964388,5,5268.309018,
-7.8532767,7,5268.68918,
-12.888889,5,5269.010642,
-5.631055,9,5269.442434,
-5.631055,8,5270.223318,
-4.519943,10,5270.685827,
-7.8532767,6,5271.079234,
-8.964388,5,5271.436654,
-8.964388,5,5271.812517,
-5.631055,9,5272.250795,
-4.519943,9,5272.651462,
-11.704416,10,5273.104858,
-6.7421656,7,5273.509827,
-6.7421656,7,5273.893053,
-8.964388,5,5274.341142,
-7.333334,10,5274.83842,
-4.519943,10,5275.32288,
-9.555555,7,5275.755321,
-14.0,3,5276.056329,
-6.7421656,7,5276.448135,
-7.631055,9,5276.882514,
-6.742166,7,5277.275373,
-5.631055,8,5277.687674,
-6.742166,7,5278.111386,
-8.964388,5,5278.443256,
-5.631055,8,5278.85819,
-8.964388,5,5279.231563,
-8.964388,5,5279.575125,
-8.964388,5,5279.947991,
-8.964388,5,5280.310473,
-8.964388,5,5280.712565,
-8.742166,8,5281.163736,
-8.964388,5,5281.569497,
-7.8532767,6,5281.934587,
-6.7421656,7,5283.870355,
-8.964388,5,5284.223922,
-6.7421656,7,5284.608534,
-4.519943,9,5285.040139,
-6.7421656,7,5285.434243,
-5.631055,8,5285.856989,
-9.853276,7,5286.267402,
-7.333334,11,5286.780571,
-7.8532767,6,5287.19005,
-14.0,3,5287.556147,
-7.8532767,6,5287.943908,
-11.777778,5,5288.337876,
-5.631055,8,5288.781388,
-5.631055,8,5289.228859,
-7.8532767,6,5289.642149,
-8.964388,5,5289.968531,
-7.8532767,6,5290.345282,
-2.2977219,11,5290.872623,
-9.555555,7,5291.330829,
-8.964388,5,5291.701978,
-7.8532767,6,5292.490422,
-5.631055,8,5292.957384,
-8.964388,5,5293.348445,
-14.0,3,5293.660176,
-8.964388,5,5294.051161,
-9.555555,7,5294.45056,
-3.7065535,12,5294.935515,
-7.8532767,6,5295.305022,
-6.7421656,7,5295.706153,
-8.964388,5,5296.051129,
-8.964388,5,5296.410149,
-7.8532767,7,5296.830456,
-6.7421656,7,5297.26603,
-8.444445,10,5297.734669,
-6.7421656,7,5298.134142,
-7.8532767,6,5298.535022,
-7.8532767,6,5298.929018,
-8.964388,5,5299.313058,
-8.964388,5,5299.672567,
-7.8532767,6,5300.061459,
-11.777778,5,11.031336,23,7336.286057,
-28.859692,41,7337.38679,
13.104696,23,7338.102133,
-12.888891,19,7338.73436,
-9.8575535,26,7339.537071,
2.0712223,20,7340.190176,
10.069084,22,7340.893674,
2.2578278,55,7342.298997,
-18.084057,54,7343.655238,
10.217943,21,7344.331629,
-2.4444485,32,7345.250517,
-32.966537,62,7346.794325,
-28.786331,44,7347.889604,
-46.002144,41,7348.919542,
10.069086,22,7349.605382,
-30.341883,40,7350.664454,
9.031338,22,7351.335743,
-5.5555553,5,7351.687419,
1.9244995,15,7352.250113,
-4.4444485,39,7353.272837,
-7.555559,27,7354.033555,
-2.5199432,8,7354.436513,
-11.0463085,52,7355.707471,
-10.746443,27,7356.51856,
11.329052,25,7357.253286,
-19.008554,40,7358.247665,
-204.0214,148,7362.209988,
-10.746443,27,7363.416651,
-56.004272,27,7364.269488,
-10.151007,76,7366.14848,
-20.744312,77,7367.985419,
0.74002266,47,7369.327764,
-37.11325,17,7369.990319,
16.920212,66,7371.752337,
-43.199444,82,7373.835532,
-3.3333378,45,7375.083696,
9.660255,29,7375.990415,
-13.113256,58,7377.516937,
-23.782057,26,7378.331691,
-1.2599726,11,7378.84132,
8.70013,67,7380.463012,
-0.23077774,47,7381.685497,
-17.52209,49,7383.008483,
2.0733595,13,7383.56512,
12.918087,35,7384.561645,
-10.746443,28,7386.296288,
-29.15528,38,7387.301873,
-10.746443,27,7388.117985,
-6.7777824,64,7389.683125,
0.73789024,14,7390.253381,
-13.113256,45,7391.44761,
-2.6396084,47,7392.670711,
8.664522,48,7394.061484,
-87.93518,54,7395.463289,
-68.56197,77,7397.424936,
6.99572,32,7398.351143,
-23.782059,25,7399.122762,
-32.086205,79,7400.965465,
0.8133888,11,7401.457885,
-7.7777777,4,7401.790024,
-37.11325,17,7402.367362,
-0.5220871,24,7403.102566,
-12.968666,25,7403.858447,
-85.3376,24,7404.603186,
-35.855415,24,7405.3515,
-9.633196,27,7406.131736,
-82.52208,22,7406.799263,
0.95583534,25,7407.549578,
-178.74216,25,7408.281948,
-58.226498,24,7408.99659,
-13.782057,26,7409.798669,
-90.299866,25,7411.368082,
-9.195168,51,7412.593473,
-12.968666,25,7413.364494,
-57.115387,26,7414.138713,
-75.37536,36,7415.114979,
1.9244995,12,7415.617002,
9.404552,20,7416.672017,
-73.826225,65,7418.214239,
0.8133888,12,7418.73347,
-90.299866,25,7419.520816,
-17.637472,38,7420.581708,
-69.33761,25,7421.357729,
-56.004272,26,7422.161992,
-90.299866,25,7422.956594,
-15.304132,35,7423.936263,
-12.373228,41,7425.069961,
-91.410965,24,7425.829891,
-46.74858,42,7426.931557,
-74.51994,16,7427.507749,
-66.96652,27,7428.33172,
-45.935192,45,7429.510197,
4.9601097,18,7430.156273,
-24.079777,25,7430.99267,
-91.410965,25,7431.765163,
-27.631054,11,7432.225915,
-58.675224,50,7433.469575,
-68.2265,25,7434.23825,
0.8133888,12,7434.750749,
-23.706558,22,7435.44608,
-78.37536,28,7436.221925,
-46.81767,25,7436.967072,
-98.2265,28,7437.758813,
-37.712967,50,7439.843583,
-68.2265,25,7440.590428,
-24.079777,25,7441.367249,
-14.079777,24,7442.115492,
3.0356102,14,7442.678834,
1.9244995,13,7443.163649,
-33.117523,27,7443.960595,
-87.63106,17,7444.579235,
-112.373215,25,7445.349032,
-116.51994,21,7446.016461,
-13.782059,25,7446.774572,
0.8133898,11,7447.249032,
-85.27067,78,7449.110785,
-123.335464,25,7449.868169,
1.6203613,46,7451.074208,
9.1068325,19,7451.74367,
-59.039886,23,7452.473437,
-20.119665,39,7453.513083,
-11.855417,20,7454.174352,
-100.44658,20,7454.822612,
-5.5576935,11,7455.322623,
-35.042027,25,7456.366383,
-57.631054,14,7456.933603,
-33.18661,17,7457.555602,
-39.85328,11,7458.431655,
-71.55983,22,7459.212708,
-11.8575535,26,7460.046903,
-27.631054,11,7460.530885,
-54.595444,17,7461.119591,
-12.079777,23,7461.843473,
-1.4088326,9,7462.307069,
-98.742165,17,7462.930826,
-52.373222,20,7463.592329,
-59.85328,12,7464.101327,
-94.29772,22,7464.801203,
-75.07764,27,7465.5919,
-74.29772,19,7466.220712,
-63.48433,19,7466.844606,
-76.742165,14,7467.382848,
-158.74216,24,7469.01407,
-115.40883,22,7469.732081,
-72.37322,21,7470.415375,
-83.335464,22,7471.130658,
-26.004278,24,7471.902999,
-25.14886,12,7472.417175,
-53.408833,24,7473.164775,
0.8133888,11,7473.669328,
-76.66881,17,7474.31098,
-28.742167,10,7474.764158,
-58.226498,24,7475.509344,
-25.853277,7,7475.9283,
-119.85328,18,7476.533952,
-115.40883,23,7477.269086,
-96.66881,19,7477.909248,
-39.85328,11,7478.41946,
-51.410973,20,7479.090926,
-76.742165,14,7479.653406,
-115.55769,22,7480.360473,
-57.631054,14,7480.905445,
-167.7799,26,7481.693525,
-77.85328,13,7482.215271,
-72.52208,21,7482.897736,
-71.186615,20,7483.571225,
-98.742165,18,7484.183268,
-74.29772,19,7484.827906,
-16.301998,22,7485.522315,
-39.486473,21,7486.212077,
-97.779915,18,7486.822625,
-75.40883,18,7487.459982,
-83.633194,22,7488.151257,
-63.48433,19,7488.79805,
-38.742165,11,7489.291726,
-60.448723,22,7489.989704,
-118.742165,20,7490.649741,
-78.742165,15,7491.606627,
-94.29772,21,7492.312112,
-60.302002,37,7493.279697,
-55.375362,36,7494.39775,
-77.779915,17,7495.037627,
-74.51994,17,7495.697593,
-77.85328,13,7496.2597,
-38.742165,11,7496.766004,
-74.51994,16,7497.343324,
-61.262108,21,7498.034947,
-118.742165,19,7498.689749,
0.8133898,11,7499.176889,
-75.67308,36,7501.112691,
-75.55769,18,7501.752671,
-69.85328,13,7502.323633,
-99.85328,16,7502.925822,
-60.150997,22,7503.643722,
-34.03775,16,7504.22889,
-29.853277,9,7504.766649,
-38.742165,12,7505.28912,
-74.44658,19,7505.938227,
-69.33761,24,7506.71456,
-74.59544,19,7507.380432,
-120.34187,66,7509.008317,
-38.742165,11,7509.472241,
-40.002136,21,7510.141661,
-74.44658,19,7510.756626,
-83.335464,21,7511.449526,
-70.44872,23,7512.196709,
-117.63106,20,7512.867039,
-47.264248,24,7513.586797,
-183.64386,102,7515.869915,
-36.966526,24,7516.611904,
-74.29772,19,7517.251099,
-76.742165,14,7517.832872,
-50.29986,22,7518.550751,
-76.66881,18,7519.197587,
-72.37322,21,7519.883129,
-73.70656,17,7520.517405,
-22.519943,12,7521.045609,
-57.631054,14,7521.638894,
-8.524222,19,7522.321377,
-44.595444,18,7522.955707,
-53.484333,19,7523.539149,
-76.742165,14,7524.062575,
-14.079777,24,7524.804679,
-58.742165,14,7525.334132,
-59.85328,12,7525.834702,
-33.484333,16,7526.432918,
-99.85328,16,7527.020598,
-117.779915,20,7528.156082,
-18.0755,16,7528.776794,
-99.85328,16,7529.499517,
-29.853277,9,7529.937972,
-39.85328,10,7530.387972,
-62.595444,22,7531.984279,
-76.66881,18,7532.604568,
-31.262112,18,7533.229501,
-29.853277,10,7533.686432,
-39.85328,11,7534.151229,
-123.26425,40,7535.235147,
-59.85328,12,7535.763748,
-29.853277,9,7536.194708,
-74.44658,19,7536.84376,
-29.853277,9,7537.30407,
-55.70656,16,7537.914516,
-77.85328,13,7538.432459,
-33.484333,16,7539.026013,
-53.633194,18,7539.671046,
-180.23503,93,7542.056093,
-38.37536,23,7542.850989,
-119.11539,39,7543.994791,
-100.52208,28,7544.879307,
-54.446583,18,7545.518517,
-87.63106,17,7546.162564,
-64.59544,18,7546.843007,
-27.371082,10,7547.340248,
-119.85328,18,7548.025406,
-59.85328,12,7548.565918,
-53.335472,18,7549.246825,
-43.633194,17,7549.906458,
-39.85328,10,7550.403997,
-93.633194,22,7551.168108,
-41.408833,15,7551.804699,
-58.742165,13,7552.330365,
-117.779915,20,7553.000403,
-56.595444,27,7553.812604,
-74.59544,19,7554.449421,
-99.85328,16,7555.047229,
-29.371082,11,7555.504567,
-58.742165,13,7556.018851,
-29.853277,9,7556.469369,
-29.853277,9,7556.890229,
-75.63106,16,7557.464026,
-122.59544,28,7558.250342,
-27.371082,10,7558.69321,
-27.371082,11,7559.172491,
-99.85328,16,7559.757125,
-39.85328,10,7560.219039,
-98.742165,17,7560.792966,
-58.742165,13,7561.698122,
-39.85328,10,7562.200179,
-58.742165,13,7562.748183,
-27.371082,10,7564.128618,
-38.81553,13,7564.665749,
-112.00427,43,7565.792681,
-27.371082,10,7566.245778,
-59.85328,12,7566.742753,
-29.853277,9,7567.183933,
-38.742165,11,7567.659796,
-52.595444,29,7568.487496,
-97.817665,28,7569.297359,
-99.85328,16,7569.857224,
-28.742167,10,7570.328735,
-39.85328,10,7570.772039,
-59.85328,12,7571.259498,
-59.85328,12,7571.74953,
-94.66881,18,7572.390192,
-27.371082,10,7572.847979,
-39.85328,10,7573.360964,
-41.557693,13,7573.882291,
-34.03775,15,7574.435488,
-59.85328,12,7574.935862,
-39.85328,10,7575.397743,
-77.85328,13,7575.889176,
-39.85328,10,7576.34325,
-119.85328,18,7576.958314,
-38.81553,13,7577.449169,
-39.85328,10,7577.894344,
-85.337616,35,7578.838527,
-76.742165,14,7579.372758,
-87.63106,17,7579.973831,
-39.85328,10,7580.423187,
-27.371082,10,7580.884983,
-79.85328,14,7581.403102,
-37.631054,12,7581.920375,
-33.371082,13,7582.406523,
-55.706554,16,7582.918623,
-138.92877,31,7583.829675,
-27.371082,11,7584.329745,
-28.742167,10,7584.807109,
-39.85328,10,7585.250305,
-56.519943,15,7585.808107,
-77.85328,13,7586.315079,
-117.85328,17,7586.909703,
-27.631054,11,7587.389293,
-55.408833,16,7587.973167,
-38.742165,11,7588.459341,
-143.26425,42,7589.551457,
-29.853277,9,7590.003468,
-73.40883,18,7591.041569,
-76.51994,17,7591.673312,
-38.81553,13,7592.182505,
-56.519943,16,7592.762212,
-59.85328,12,7593.294517,
-94.66881,18,7593.998652,
-59.85328,12,7594.496871,
-59.85328,12,7594.994788,
-73.40883,18,7595.624596,
-27.371082,10,7596.101965,
-39.85328,10,7596.585949,
-38.742165,11,7597.090208,
-117.85328,17,7598.61723,
-38.81553,13,7599.141896,
-59.85328,12,7599.649693,
-99.85328,16,7600.250642,
-59.85328,12,7600.786115,
-29.853277,9,7601.256004,
-27.371082,10,7601.73549,
-29.371082,11,7602.19623,
-63.48433,19,7602.822613,
-117.85328,17,7603.405036,
-39.85328,10,7603.843039,
-56.668804,15,7604.423034,
-77.85328,13,7604.947917,
-58.742165,13,7605.459687,
-52.113247,23,7606.203382,
-85.337616,34,7607.186264,
-99.85328,16,7607.780159,
-39.14886,15,7608.483343,
-27.371082,10,7608.967072,
-29.371082,11,7609.461846,
-39.85328,10,7609.913719,
-186.97507,104,7612.31914,
-29.853277,9,7612.778118,
-50.113247,23,7613.519867,
-79.85328,14,7614.129486,
-41.371082,13,7614.648514,
-62.595444,22,7615.315776,
-29.853277,9,7615.751649,
-48.26211,21,7616.419286,
-48.26211,21,7617.096543,
-47.779915,13,7617.646636,
-52.595444,21,7618.352802,
-98.07977,45,7619.518728,
-72.855415,34,7620.45424,
-39.85328,10,7620.915489,
-29.853277,9,7621.362681,
-102.59544,26,7622.138175,
-29.371082,11,7622.612537,
-76.670944,34,7623.968403,
-117.30414,63,7625.53644,
-172.27065,90,7627.530411,
-52.595444,22,7628.229298,
-57.779915,14,7628.793002,
-50.113247,22,7630.419407,
-93.26425,37,7631.402868,
-61.557693,25,7632.168663,
-29.853277,9,7632.63965,
-275.6838,142,7635.906435,
-50.113247,22,7636.588317,
-38.81553,13,7637.09603,
-27.631054,11,7637.585033,
-39.85328,10,7638.079361,
-27.371082,10,7638.576624,
-39.85328,10,7639.082166,
-112.97081,63,7640.636199,
-72.855415,34,7641.54766,
-29.853277,9,7642.009613,
-35.70656,14,7642.58042,
-100.07977,50,7643.864161,
-64.11325,25,7644.622133,
-62.595444,22,7645.313457,
-52.595444,21,7645.996982,
-39.85328,10,7646.472515,
-59.85328,12,7646.976248,
-29.853277,9,7647.425618,
-27.371082,10,7647.901076,
-39.85328,10,7648.38331,
-29.853277,9,7648.790681,
-61.557693,25,7649.528404,
-29.853277,9,7649.961485,
-29.853277,9,7650.456424,
-52.595444,21,7651.134238,
-52.595444,21,7651.754104,
-103.48862,57,7653.09403,
-39.85328,10,7653.53876,
-27.371082,10,7653.991782,
-62.595444,22,7654.698917,
-24.964388,9,7655.133082,
-27.371082,10,7655.610761,
-27.371082,10,7656.077676,
-29.371082,11,7656.558022,
-72.855415,34,7657.463423,
-29.853277,9,7657.973438,
-52.595444,21,7658.651832,
-62.595444,22,7659.380569,
-39.85328,10,7659.850021,
-74.44872,35,7661.706471,
-29.371082,11,7662.192823,
-62.595444,22,7663.337129,
-50.113247,22,7664.074929,
-27.371082,10,7664.53434,
-37.631054,12,7665.065767,
-84.299866,37,7666.099925,
-27.371082,10,7666.553798,
-72.855415,34,7667.488241,
-77.779915,16,7668.074854,
-107.82195,57,7669.498967,
-27.371082,10,7669.991608,
-29.853277,9,7670.453626,
-136.23079,70,7672.07128,
-59.85328,12,7672.632312,
-47.779915,13,7673.160451,
-27.371082,10,7673.620123,
-29.853277,9,7674.0629,
-47.779915,13,7674.586999,
-41.371082,13,7675.105404,
-58.26211,22,7675.839575,
.301067,
1.1089706,17,5533.902904,
-9.482195,10,5534.376781,
-38.186615,23,5535.09762,
2.735752,20,5535.799112,
-4.446582,12,5536.340875,
-1.1111126,9,5536.830884,
-6.7421656,7,5537.27292,
-3.7065535,11,5537.819854,
-6.6666665,4,5538.20473,
-45.039886,20,5538.880498,
-2.5220823,14,5539.454389,
-45.706554,15,5540.023846,
-5.5576935,11,5540.503421,
-2.2977219,12,5541.029387,
-5.631055,8,5541.450869,
-1.4843321,12,5541.953824,
-2.5220823,14,5551.11741,
-5.631055,9,5551.552233,
-3.633194,13,5552.033671,
-6.668804,10,5552.491059,
-2.2243605,16,5553.061775,
-2.2977219,11,5553.554042,
2.7378893,13,5554.448609,
-0.3732214,13,5555.00481,
-9.555555,7,5555.431711,
-3.333334,8,5555.844813,
5.6246395,16,5556.441358,
2.9601088,18,5557.076373,
-1.4843321,12,5557.602503,
0.73789024,14,5558.166488,
4.9579754,21,5558.873677,
-4.5933046,6,5559.257036,
-2.2222233,8,5559.645352,
-6.7421656,7,5560.036038,
7.9957237,18,5560.651668,
-4.297722,12,5561.126015,
-9.853277,7,5562.137535,
-6.6666665,4,5562.485304,
-3.1866112,13,5562.985766,
-3.4088326,10,5563.410766,
-2.5954428,11,5563.-5.9251766,16,5594.95597,
-2.238264,31,5596.614001,
-14.150085,37,5598.637309,
14.441036,38,5601.224401,
4.534749,38,5603.289268,
2.1176176,32,5605.065515,
-17.546307,17,5606.399532,
-5.664728,28,5607.902805,
-2.6339197,22,5609.740793,
2.0817394,33,5611.599815,
-2.8827457,19,5613.075119,
-4.278221,12,5614.175826,
-8.21813,31,5615.729453,
-15.616258,13,5617.439865,
-13.342814,12,5618.549912,
-5.594743,28,5620.20041,
14.553936,32,5621.965198,
-144.21411,59,5624.416387,
-10.958213,6,5625.786776,
-27.01842,25,5627.762693,
2.331335,24,5629.417061,
-6.0651183,17,5630.739403,
1.5453367,32,5632.614634,
-1.2583637,23,5634.759711,
-0.71175766,24,5636.244875,
17.676264,42,5638.316846,
4.8642025,29,5640.027277,
-5.420911,28,5641.706709,
0.81200886,40,5644.230891,
-17.254498,17,5645.473251,
-10.24963,38,5647.373786,
-17.16449,20,5648.568317,
-2.321082,23,5650.573444,
-29.112324,23,5652.160811,
-9.349133,36,5654.176841,
-35.5057,49,5656.34353,
11.0278015,35,5658.781742,
-1.0588179,26,5660.364764,
-78.77262,54,5662.675529,
-1.6870918,17,5664.026314,
-1.0018415,32,5666.356955,
12.241932,36,5668.467579,
-19.698938,32,5670.12348,
-8.199312,17,5671.301218,
-14.444643,11,5672.177075,
-3.915574,15,5673.402161,
-4.184641,29,5675.480085,
-13.24663,29,5677.093298,
7.497587,29,5678.697294,
-6.1417913,13,5679.830682,
-13.647272,26,5681.333869,
-2.2721949,31,5683.377592,
-36.6745,25,5684.69764,
-10.844408,23,5686.086358,
-233.9621,70,5688.678135,
3.8595886,34,5690.803569,
-29.761265,37,5692.619192,
-2.354372,14,5693.783669,
-4.640193,29,5695.401335,
-24.425934,22,5696.785049,
-14.43561,17,5698.473073,
1.9166231,18,5699.634209,
-11.898233,25,5701.113676,
6.7012806,28,5702.636246,
-24.799984,27,5704.280498,
7.753376,29,5706.357587,
-5.6220284,31,5708.059638,
-1.9306774,26,5709.540078,
-16.491226,29,5711.030475,
-8.032732,34,5713.370539,
-3.5022535,33,5715.787024,
8.147324,29,5717.491817,
-5.263342,31,5719.333565,
-16.117737,41,5722.108567,
-18.901161,7,5723.066776,
-6.7245765,33,5724.772513,
-12.460236,39,5726.709636,
-15.013813,25,5728.27431,
-29.848011,37,5730.774967,
-11.982174,22,5732.282429,
-167.47931,63,5734.95026,
-3.1967278,19,5736.130176,
-12.733389,24,5737.526848,
-14.222636,14,5739.099563,
-18.274862,19,5740.353321,
-16.158562,48,5742.488287,
-7.1741924,15,5743.61019,
-2.5878582,31,5745.322455,
3.099144,28,5747.417253,
-1.2364292,35,5749.216738,
-8.418251,14,5750.280018,
-4.932152,37,5752.200699,
4.7070255,35,5754.554713,
16.224277,37,5756.609522,
4.5464764,38,5758.56722,
-13.512501,63,5761.834324,
4.962164,35,5763.589147,
-14.206552,20,5764.958417,
-16.505947,15,5766.179241,
-5.426242,34,5767.917875,
3.347683,19,5769.698471,
-45.396355,55,5772.06773,
-76.90326,50,5774.387858,
-5.4042797,17,5775.799926,
-16.007288,41,5778.444134,
-5.0296926,20,5779.68949,
-3.342445,40,5781.775229,
4.9624233,38,5784.455299,
-16.587963,18,5785.742778,
-5.0825996,17,5786.946648,
2.0150661,38,5788.860606,
-11.698376,8,5790.053406,
-0.8492451,18,5791.40632,
-8.362467,11,5792.456776,
-2.707655,19,5794.410722,
-13.018957,41,5796.619925,
7.045746,34,5798.703097,
2.105485,32,5800.396457,
-1.901063,38,5802.884568,
-5.1067066,17,5804.631669,
-33.90061,30,5806.327559,
5.9879303,30,5808.090117,
-71.959,49,5811.31915,
0.4776144,28,5813.002749,
-7.3282957,15,5814.281424,
-24.229595,42,5816.402605,
2.8569527,30,5818.696134,
-14.064911,20,5820.018975,
1.564003,35,5821.927847,
-1.4465513,35,5823.822347,
-17.326578,20,5825.238028,
-5.3855543,37,5827.529607,
-10.550035,29,5829.264514,
4.142208,26,5830.796949,
0.98383236,17,5831.982525,
0.87508774,26,5833.470204,
-9.476431,10,5835.201914,
8.354443,30,5836.886903,
1.8027906,32,5838.563534,
-4.4682274,38,5840.481128,
-15.738077,36,5843.034207,
-5.10413,23,5844.470691,
7.80896,29,5847.417426,
-6.8052964,18,5848.695527,
-8.362467,11,5849.780996,
-5.6939087,19,5851.093212,
-3.1905107,19,5852.469041,
-1.1121788,35,5854.89794,
-5.2515974,11,5855.895381,
-6.3625627,10,5857.011409,
-3.1644888,13,5858.192185,
-4.9456654,17,5859.52559,
-2.9634209,16,5860.936841,
-10.587391,9,5861.872595,
-5.0244694,14,5863.667917,
-13.306189,18,5865.010086,
0.013934135,16,5866.302559,
-1.0657196,32,5868.165022,
2.3243837,21,5869.600612,
-6.2960076,13,5870.72802,
-7.4735236,9,5871.879277,
7.407791,64,5875.741136,
-12.365601,13,5876.837967,
-7.251598,12,5877.842332,
1.56637,30,5880.234425,
-5.023782,14,5881.578115,
-15.766123,27,5883.259074,
-9.555608,7,5884.206117,
-14.888889,5,5885.223316,
-4.275136,12,5886.807407,
3.942276,34,5888.794767,
-7.251598,12,5889.921503,
-9.69829,7,5891.468409,
-1.8254061,23,5892.863909,
-12.211363,36,5894.690281,
-5.1825686,14,5895.817794,
-11.902979,19,5897.174111,
-15.619996,13,5898.349789,
-12.362841,13,5899.438905,
-15.205151,39,5901.900926,
-6.293248,13,5902.959785,
-2.9616127,16,5904.117485,
-4.129029,12,5905.443573,
-0.19849968,39,5907.740696,
-8.362467,11,5909.454287,
-16.550291,29,5911.050945,
-1.5838127,35,5912.91034,
-8.793808,19,5914.118624,
-8.075213,23,5915.43158,
-4.129029,12,5916.55166,
-18.795074,24,5918.417519,
-10.556339,23,5919.736228,
-9.476431,10,5920.747934,
-10.587391,9,5921.754019,
1.9368877,18,5922.98401,
2.3170557,21,5924.481584,
-12.958214,7,5925.459626,
-18.362558,16,5926.688937,
-5.1825686,14,5928.514258,
-0.74957275,18,5929.873781,
-3.5492706,10,5930.870375,
0.60229206,28,5932.352417,
-10.587391,9,5933.348226,
2.401229,18,5934.636362,
-7.118172,35,5936.438779,
0.58334446,22,5938.454603,
-13.921913,20,5940.053985,
-8.719846,22,5941.465009,
-6.1417913,13,5942.61666,
-0.48965168,21,5943.900616,
-8.50538,11,5944.959194,
-53.05639,58,5948.034986,
-4.06185,15,5949.302554,
-3.4650507,13,5950.32778,
-6.0527983,22,5951.836723,
-75.104294,56,5955.035332,
-5.2515984,11,5956.203721,
-5.1067123,17,5957.470481,
3.5336819,25,5958.92291,
-1.9137869,14,5960.534238,
-5.164549,14,5961.67329,
-10.362562,12,5962.644958,
-4.129029,12,5963.716766,
3.2068758,19,5965.582899,
-233.4015,67,5968.399645,
1.578476,23,5969.953798,
-12.815547,7,5970.787876,
-24.265493,22,5972.105289,
-11.244767,20,5973.3441,
-13.902979,20,5975.239658,
-0.7435112,18,5976.394668,
-2.667036,22,5977.738602,
-9.476431,10,5978.727606,
-12.943843,21,5980.186619,
-1.8419466,17,5981.433959,
-7.163517,15,5982.457492,
-11.251881,14,5983.578494,
8.595629,30,5985.808805,
-17.191244,20,5987.096461,
-5.1825686,15,5988.194279,
-14.808384,22,5989.653488,
-6.1616526,19,5990.855203,
-6.0589027,16,5992.024774,
-6.293248,13,5993.667409,
-2.9634209,16,5994.815356,
-6.587248,7,5995.62419,
-17.91535,22,5996.977084,
-4.2939186,18,5998.275461,
-1.3555546,26,6000.406327,
0.89930344,14,6001.542044,
0.6626835,31,6003.877898,
3.6696682,28,6005.603853,
9.634863,31,6007.172458,
0.7773142,28,6008.661893,
-14.750874,25,6010.126606,
-20.701439,25,6012.08412,
3.443493,25,6013.517678,
3.8360014,28,6015.099885,
11.00919,32,6017.040884,
11.977327,30,6018.803219,
2.7460546,21,6020.792852,
-14.337572,31,6022.68897,
-5.19587,28,6024.472113,
4.4450665,26,6026.093263,
0.7457638,31,6027.776519,
-13.255413,32,6030.012905,
3.825222,28,6031.500476,
-6.3662376,24,6032.964909,
-4.290045,26,6034.466931,
0.12485027,33,6038.181681,
-7.3913336,12,6039.453601,
-0.22647476,30,6041.049848,
-0.38420296,27,6042.548284,
5.3843517,33,6044.430628,
6.6769085,28,6046.671929,
0.4945717,31,6048.628459,
6.1458187,30,6050.468848,
-9.382647,13,6051.654418,
1.3360901,26,6053.29306,
-8.960068,19,6054.632228,
-14.298695,20,6056.591689,
5.8034077,30,6058.226783,
-8.110339,34,6060.003793,
6.8522625,28,6061.643835,
-3.3288507,27,6063.900466,
0.7457638,31,6065.479981,
-6.2227316,10,6066.598073,
-1.7330599,20,6067.91076,
4.238096,17,6069.24518,
7.115587,28,6070.89535,
-2.08708,31,6073.47039,
-4.9206715,30,6075.276575,
0.7904253,28,6076.927924,
2.1691723,36,6078.918278,
8.8318,30,6080.843027,
-1.3373413,26,6083.0531,
-35.932167,34,6084.774083,
1.7197809,26,6086.276868,
0.83376884,25,6087.796143,
0.51060295,31,6089.459413,
7.9945297,26,6091.63409,
-4.001772,12,6092.692165,
-3.915574,15,6093.805494,
-2.4050875,25,6095.39787,
8.10549,29,6097.12678,
-2.4044008,25,6099.177958,
-2.525772,22,6100.935403,
-0.21888924,30,6102.643147,
2.8283024,27,6104.27601,
4.8119297,32,6105.967166,
-20.682278,25,6108.047236,
0.3646593,19,6109.39544,
3.7304363,28,6110.968111,
1.9910879,32,6112.618113,
0.9877863,31,6114.405599,
2.939375,27,6116.594134,
5.453535,27,6118.126882,
9.028469,30,6119.64992,
-14.335096,31,6121.396593,
1.6499233,26,6123.518118,
-3.915574,15,6124.791193,
0.3646593,19,6126.718943,
2.6569042,24,6128.267756,
4.0362797,28,6129.911294,
3.170908,30,6131.540879,
8.906176,27,6133.263933,
5.980034,21,6135.130564,
5.2279644,32,6136.798067,
10.297127,25,6138.270529,
9.889544,28,6139.828618,
5.864811,21,6141.246799,
-14.632913,28,6143.486706,
2.6552963,30,6145.138806,
-2.1598482,31,6146.776838,
5.8740845,31,6148.350453,
9.184017,24,6149.752666,
4.0720005,25,6151.963661,
-4.790262,34,6153.944833,
0.9282551,28,6155.574802,
-1.4726505,20,6156.825891,
-8.6864395,28,6158.403383,
7.0046253,25,6160.398356,
2.06645,26,6161.787316,
4.624729,32,6163.52743,
7.051321,34,6165.117333,
8.082558,29,6166.618708,
2.9592686,24,6168.624148,
4.0720005,25,6170.126277,
8.123598,26,6171.618057,
3.76466,19,6173.055192,
9.89126,22,6174.536492,
6.297127,27,6176.693464,
-1.8966246,20,6178.155315,
0.29061985,33,6180.050182,
7.259386,31,6181.766568,
-0.6850834,35,6183.448329,
7.278961,28,6185.609299,
0.43862915,16,6186.838266,
6.961624,28,6188.414125,
9.501059,30,6190.09717,
2.1720886,26,6191.898566,
-4.890402,14,6193.023076,
1.7197809,26,6195.172113,
9.319227,30,6196.74694,
5.864792,21,6198.128671,
9.2669525,30,6199.835,
-8.23534,25,6201.441365,
-9.581,24,6203.469118,
-17.74474,31,6205.273433,
4.0671406,25,6207.265492,
10.402159,28,6208.995766,
-6.175767,30,6210.670995,
7.895809,32,6212.973638,
-1.9362392,31,6214.713718,
-10.294624,32,6216.430049,
1.6369495,20,6217.638696,
3.0481014,27,6219.821068,
6.401552,31,6221.508001,
-3.0407295,27,6223.061545,
-15.175444,22,6224.561106,
9.03257,27,6226.040281,
6.8547783,29,6227.531693,
6.2147923,30,6229.664664,
-9.564093,30,6231.246114,
7.184017,25,6232.602397,
11.101709,26,6234.081191,
7.6702576,26,6235.564989,
-3.2120762,30,6237.933993,
6.311842,30,6239.634242,
5.1739426,26,6241.008594,
1.9460278,26,6242.484691,
2.7540674,21,6243.817994,
4.0817566,25,6245.806715,
-2.3446388,31,6247.403627,
9.296726,27,6249.013841,
3.0701466,24,6250.354682,
0.85604286,25,6251.805957,
4.0720005,25,6253.823225,
10.022591,28,6255.328908,
4.791239,23,6256.625696,
0.13554859,22,6257.994626,
3.8321953,25,6259.500636,
-2.8910894,13,6260.56262,
