#{"t_start": 1665407087.3015752, "env_id": null}
r,l,t,is_success--42.742165,16,955.674851,
-11.777778,7,956.00355,
-24.482193,8,956.373501,
-19.0755,17,956.902813,
-77.29772,18,957.468161,
-25.14886,12,957.905701,
-32.88889,14,958.388889,
-48.519943,17,958.929439,
-92.964386,15,959.422866,
-38.742165,12,959.876604,
-28.891027,20,960.486618,
-35.077637,20,961.098293,
-18.03775,14,961.572356,
-24.0755,7,961.869082,
-32.482193,8,962.209494,
-22.0755,20,962.80529,
-34.0755,10,963.439929,
-42.0755,8,963.804612,
-61.779915,18,964.346848,
-18.0,7,964.68229,
-26.446583,18,965.241477,
-16.0,4,965.526391,
-37.14886,11,965.93825,
-18.742165,12,966.376767,
-35.631054,18,966.930486,
-41.519943,13,967.385407,
-7.7777777,4,967.646857,
-22.482193,6,967.953512,
-21.371082,7,968.274988,
-18.742165,12,968.693906,
-45.706554,20,969.272636,
-20.964388,8,969.6207,
-78.40883,15,970.094064,
-31.371082,8,970.429246,
-22.0755,6,970.741036,
-93.37108,20,971.30808,
-20.964388,9,971.675222,
-14.0,6,971.99314,
-21.297722,12,972.397872,
-22.259972,9,972.952834,
-6.2222233,11,973.377373,
-22.482193,7,973.710476,
-29.371082,12,974.145915,
-42.964386,12,974.580963,
-35.408833,17,975.096321,
-19.14886,10,975.484947,
-11.853276,11,975.893725,
-35.335472,22,976.531983,
-120.48219,16,977.051897,
-40.482193,7,977.553156,
-104.11325,27,978.286549,
-34.0755,8,978.643282,
-14.0,3,978.889356,
-92.0755,14,979.373486,
-35.706554,14,979.845393,
-60.964386,11,980.265597,
-21.853277,10,980.652345,
-70.0755,13,981.1097,
-31.371082,9,981.476172,
-9.631056,13,981.926514,
-50.81767,28,982.920587,
-32.482193,7,983.271325,
-21.557693,16,983.783279,
-62.0755,16,984.302826,
-20.964388,7,984.649242,
-30.482193,10,985.061037,
-29.631054,12,985.491517,
-81.51994,13,985.930094,
-40.74217,31,986.714823,
-93.224365,28,987.464653,
-26.482193,8,987.780379,
-28.595444,21,988.339866,
-30.964388,9,988.696642,
-22.482193,7,988.999085,
-23.593307,17,989.509417,
-84.742165,16,989.936101,
-20.964388,7,990.235149,
-21.853277,9,990.580745,
-45.408833,16,991.050061,
-24.0755,8,991.360984,
-107.779915,20,992.086749,
-130.4822,16,992.575027,
-48.742165,12,992.982581,
-31.779915,14,993.44471,
-128.89102,20,994.042677,
-74.07762,25,994.735117,
-14.0,3,994.97946,
-86.0755,14,995.42741,
-20.259972,8,995.777326,
-39.85328,11,996.157355,
-23.14886,13,996.606783,
-25.371082,9,997.007299,
-14.888889,5,997.306119,
-39.85328,11,997.722873,
-32.964386,9,998.094117,
-45.486473,27,998.818794,
-118.96652,33,999.687267,
-29.853277,13,1000.131436,
-32.0755,7,1000.445797,
-26.482193,9,1000.968631,
-14.888889,5,1001.28775,
-10.964388,6,1001.81755,
-38.0755,12,1002.24939,
-20.964388,8,1002.598741,
-23.48647,24,1003.344328,
-47.555557,16,1003.857892,
-56.519943,15,1004.343459,
-7.8532767,9,1004.708345,
-21.297722,10,1005.104301,
-59.779915,19,1005.675541,
-61.74217,32,1006.507586,
-22.03775,13,1006.949193,
-21.371082,10,1007.338633,
6.366806,29,1008.127317,
-24.0755,9,1008.503177,
-11.371085,19,1009.085165,
-159.52208,34,1009.966934,
-29.14886,12,1010.42325,
-153.5577,25,1011.312814,
-74.0755,16,1011.818268,
-22.482193,8,1012.17624,
-43.408833,15,1012.666915,
-52.0755,9,1013.040188,
-16.0,5,1013.340349,
-5.7065544,14,1013.830786,
-75.63106,16,1014.341707,
-23.371082,9,1014.719647,
-16.0,4,1014.996259,
-50.519943,21,1015.612615,
-44.482193,10,1016.00368,
-47.85328,13,1016.455656,
-89.85328,19,1017.043324,
-14.817668,23,1017.706994,
-20.186611,11,1018.121371,
-19.14886,11,1018.532657,
-97.85328,19,1019.097175,
-5.7065544,13,1019.542861,
-38.742165,12,1019.970309,
-40.964386,12,1020.407254,
-16.0,4,1020.894608,
-13.186611,15,1021.409085,
-56.742165,14,1021.894511,
-13.853277,11,1022.30572,
-156.4822,27,1023.120867,
-19.853277,9,1023.514677,
-25.408833,14,1023.965833,
-24.482197,19,1024.502609,
-5.0776377,19,1025.036738,
-21.371082,7,1025.365495,
-35.371082,12,1025.967069,
-66.29772,23,1026.620307,
-33.964394,32,1607.561526,
-32.0755,7,1607.867458,
-19.408833,15,1608.354289,
2.0733595,13,1608.789811,
-42.964386,10,1609.18321,
-32.0755,19,1609.734106,
-14.666666,9,1610.118376,
9.851133,20,1610.7178,
-19.14886,11,1611.130114,
-24.92664,13,1611.579017,
-13.555555,9,1611.944978,
-9.111113,16,1612.454461,
-19.853277,8,1612.801929,
-12.666666,7,1613.12962,
-2.8888912,13,1613.589613,
-16.0,4,1613.845428,
-33.81553,13,1614.266225,
-22.482197,17,1614.807816,
-31.186617,26,1615.476369,
-14.0,3,1615.723867,
-18.0,5,1616.015037,
-26.519943,12,1616.431934,
10.813385,20,1616.986506,
-32.03775,17,1617.488381,
-38.519943,15,1618.23144,
-16.519949,23,1618.870885,
-14.704417,15,1619.371109,
-22.075504,29,1620.172319,
-25.593307,20,1620.780871,
22.060928,31,1621.650955,
-19.14886,9,1622.036409,
-18.03775,10,1622.441208,
-20.964388,7,1622.787079,
-22.259972,9,1623.147434,
-30.964388,8,1623.509147,
-11.777778,7,1623.796695,
-45.408836,25,1624.448415,
-30.964388,8,1624.790911,
2.6666622,22,1625.39588,
-21.371082,8,1625.750074,
-15.408833,13,1626.206448,
-9.333334,12,1626.649384,
-7.1111126,13,1627.118686,
3.3333302,16,1627.638796,
-30.964388,8,1627.997427,
-21.371082,7,1628.335041,
-31.14886,12,1628.763484,
-22.0755,7,1629.252958,
-7.1111126,14,1629.990173,
-70.964386,12,1630.427413,
-2.8888912,14,1630.890738,
-58.333336,20,1631.470164,
-38.03775,12,1631.906303,
-32.0755,7,1632.249851,
-16.0,4,1632.503458,
-47.81553,17,1633.024697,
-12.0755005,17,1633.572631,
3.9999943,24,1634.259471,
-12.482196,17,1634.782111,
7.480051,18,1635.339918,
-40.25997,10,1635.741591,
-8.222223,11,1636.151417,
10.962244,23,1636.829367,
-4.888891,16,1637.343732,
-12.666666,7,1637.695408,
-237.89603,68,1639.371507,
-18.0,5,1639.669881,
9.999994,22,1640.309755,
-18.0,5,1640.891977,
-30.964388,8,1641.257146,
-20.259972,8,1641.624198,
3.3333302,13,1642.073452,
-53.076267,28,1642.875131,
-25.408833,16,1643.404211,
-36.70442,16,1643.934428,
-1.9073486e-06,10,1644.320641,
-15.815528,12,1644.738363,
-11.555555,8,1645.092197,
-21.371082,7,1645.436812,
-4.888891,14,1645.901357,
-20.03775,12,1646.355961,
-1.7777805,14,1646.805573,
-7.1111126,12,1647.240142,
-11.964394,25,1647.935336,
-27.631054,11,1648.347279,
-11.555555,8,1648.693186,
-21.14886,10,1649.067885,
3.480051,23,1649.704974,
-12.482196,15,1650.201675,
9.999994,21,1650.827219,
-50.964386,10,1651.237342,
-22.259972,9,1651.665183,
-19.853277,8,1652.021322,
-2.4444485,20,1652.59255,
-17.777779,8,1653.198205,
-24.297722,15,1653.676035,
-22.0755,6,1653.992023,
-8.222223,12,1654.599843,
-5.1111126,11,1655.010803,
-9.148865,22,1655.62017,
-16.88889,7,1655.955482,
-27.408836,25,1656.634163,
-22.482193,6,1656.929034,
-28.297728,33,1657.742334,
-30.964388,8,1658.092505,
-14.888889,5,1658.388837,
-15.4088335,13,1658.811052,
-19.853281,18,1659.332622,
-12.408835,19,1659.862905,
-54.0,23,1660.501575,
-12.666666,8,1660.837765,
-22.0755,6,1661.147637,
-19.14886,10,1661.531361,
-40.07551,28,1662.274575,
-15.593307,17,1662.808035,
-16.88889,6,1663.112545,
-14.0,3,1663.349457,
-24.0755,7,1663.681527,
-21.075499,14,1664.154446,
-12.666666,7,1664.465633,
-32.88037,35,1665.636139,
-14.666666,8,1665.999962,
9.851135,19,1666.569471,
-33.85328,11,1666.967532,
-35.408833,14,1667.417551,
-10.371084,13,1667.865573,
-30.964388,9,1668.213094,
7.3333263,28,1668.955091,
-21.779919,23,1669.567267,
-125.33547170.66489,171,1763.473,
28.591156,38,1765.483221,
28.740017,36,1767.326131,
6.5178013,16,1768.478287,
74.295654,81,1771.988467,
2.0733585,13,1772.967579,
10.444439,25,1774.652383,
20.813381,30,1776.203399,
18.59116,28,1777.661242,
25.480042,39,1779.673975,
41.55554,55,1781.900284,
64.29561,68,1784.751537,
8.66666,31,1786.569273,
27.480045,37,1788.288409,
-7.1111135,12,1789.268356,
1.9244995,12,1790.220429,
30.444431,46,1792.3-22.88889,11,2121.374063,
-21.853283,43,2122.53234,
-29.853277,10,2122.962573,
5.4066925,30,2123.79895,
-14.0,3,2124.136766,
10.886745,38,2125.090518,
-5.4088364,39,2126.030554,
-10.964392,20,2126.622603,
8.146717,59,2127.969163,
-11.777781,30,2128.734605,
-2.373228,40,2129.710829,
3.99786,16,2130.244228,
4.664522,37,2131.173504,
1.1089706,23,2132.314995,
-0.8176689,31,2133.119695,
-10.666666,10,2133.515273,
-16.88889,9,2133.866082,
-30.0,14,2134.316536,
13.0356045,28,2135.079234,
-32.96439,27,2135.84724,
-88.89103,34,2136.73425,
-5.7799196,27,2137.472267,
-11.555555,12,2137.919508,
-18.704422,31,2138.743248,
-7.8532767,7,2139.083627,
-26.704418,25,2139.786109,
-10.666666,8,2140.156785,
-50.14029,68,2175.74053,
-3.333335,8,2176.602855,
149.85143,154,2182.562779,
3.3333302,13,2183.543165,
220.0004,187,2190.428999,
163.18268,176,2196.552447,
127.918274,151,2202.250326,
39.2514,59,2204.67119,
136.92262,149,2210.21331,
95.55568,99,2213.583701,
31.1111,39,2215.654305,
27.777767,36,2217.200343,
80.362595,100,2220.993943,
-2.2222242,9,2221.823132,
-1.9073486e-06,10,2222.640581,
174.51602,194,2229.457774,
-4.4444456,6,2230.229481,
182.88928,189,2236.884927,
191.33372,197,2243.421814,
171.55164,186,2250.143398,
3.3333302,13,2251.054105,
62.222244,66,2586.293513,
46.666653,52,2588.72348,
67.77782,71,2591.263264,
15.55555,24,2592.491768,
51.111103,56,2595.001072,
74.44452,77,2598.232451,
34.44443,41,2599.974302,
-5.5555563,5,2600.606128,
39.999985,46,2602.407296,
43.333317,49,2604.694694,
-3.333335,7,2605.437707,
54.44445,59,2607.592763,
65.55559,69,2610.492552,
-1.9073486e-06,10,2611.313472,
34.44443,41,2613.074216,
-5.5555563,5,2613.735864,
18.888882,27,2615.487176,
56.666687,61,2617.833491,
-6.666667,4,2618.518854,
4.444441,14,2619.489115,
41.111095,47,2621.695639,
66.6667,70,2624.188444,
74.44452,77,2627.358951,
43.333317,49,2629.719377,
41.111095,47,2631.589582,
16.66666,25,2632.848355,
-1.1111126,9,2633.672454,
31.1111,38,2635.733127,
81.111206,83,2638.741648,
11.111105,20,2640.245349,
17.777771,26,2641.476644,
61.11113,65,2643.86692,
72.22229,75,2646.999668,
-1.9073486e-06,10,2647.863886,
55.555573,60,2650.500044,
-5.5555563,5,2652.512876,
13.333326,22,2653.737197,
74.44452,77,2656.554665,
55.555557,60,2659.293923,
42.222206,48,2661.248709,
-4.4444456,6,2661.993696,
18.888882,27,2663.728103,
1.1111088,11,2664.620877,
48.88888,54,2666.732079,
43.333317,49,2669.128018,
-6.666667,4,2669.806684,
75.55563,78,2672.574841,
66.6667,70,2675.530594,
114.889084,128,3020.175052,
220.81378,198,3027.096985,
226.66705,207,3034.246223,
-2.2222242,10,3035.077304,
222.2226,200,3042.205645,
223.33372,201,3048.901378,
174.59154,198,3055.548562,
170.66704,195,3062.665971,
220.96265,196,3069.256594,
193.10934,203,3076.128819,
220.96265,201,3083.482649,
19.999992,29,3410.473949,
23.333324,31,3411.874839,
221.1115,190,3418.757502,
39.999985,46,3420.628093,
26.666656,34,3422.824531,
42.222206,50,3424.865326,
135.5558,140,3430.128651,
168.2226,182,3436.635236,
-6.666667,4,3437.333009,
-6.666667,4,3438.023378,
85.555664,88,3441.758292,
39.999985,47,3443.699145,
137.77805,142,3448.984174,
152.22253,155,3454.518665,
21.111103,29,3456.452105,
62.22226,67,3459.044223,
220.0004,186,3465.420528,
72.222275,76,3468.652059,
3.3333302,15,3469.623881,
45.55554,51,3471.599842,
51.1111,57,3474.277352,
221.1115,190,3480.741538,
44.444427,52,3482.731225,
28.888878,36,3484.305122,
223.33371,190,3854.247442,
220.0004,192,3860.733835,
223.33372,189,3867.059263,
220.00038,185,3873.309037,
226.66705,197,3879.990119,
220.0004,192,3886.658806,
224.44482,193,3893.235972,
227.77817,201,3900.052548,
57.7778,73,3903.334776,
220.0004,192,3910.157273,
162.88925,175,3916.371979,
53.33334,58,4277.923259,
23.333324,31,4279.367373,
-3.333335,8,4280.12316,
90.00012,92,4283.992748,
3.3333302,16,4285.018787,
-5.5555563,5,4285.712497,
72.222275,77,4288.497424,
78.88898,81,4291.999653,
-4.4444456,7,4292.771675,
58.8889,63,4295.085564,
80.00009,82,4298.655637,
75.55563,79,4301.599907,
45.55554,51,4303.663135,
12.222218,21,4305.478857,
47.777767,53,4307.525967,
21.111103,29,4308.855699,
17.777771,26,4310.109838,
13.333328,22,4311.269969,
33.33332,40,4313.588504,
28.888878,36,4315.092184,
76.51788,79,4317.831562,
77.777855,80,4321.222358,
110.00017,114,4324.991663,
77.77786,80,4328.437669,
34.44443,41,4330.124425,
48.88887,54,4332.850672,
62.222244,66,4335.233623,
75.55563,78,4337.9672,
42.222206,48,4340.540778,
13.333326,22,4341.752068,
42.222206,48,4343.68868,
6.666662,18,4344.750285,
54.444443,59,4347.620335,
18.888882,31,4349.114094,
68.88895,73,4351.86147,
24.444435,32,4353.385695,
11.111105,21,4354.444721,
66.6667,70,4357.830616,
4.444441,14,4358.807472,
-4.4444456,6,4359.543542,
-3.333335,8,4360.334743,
-5.5555563,5,4361.049688,
14.444439,24,4362.28735,
61.111122,68,4365.569174,
-5.5555563,5,4366.283786,
-2.2222242,9,4367.086057,
224.44484,191,4709.15879,
222.22261,187,4716.001651,
226.66705,198,4722.972404,
220.0004,197,4730.099181,
223.33371,189,4736.86047,
218.88928,183,4743.240285,
220.0004,185,4749.702275,
218.88928,184,4756.169684,
220.0004,187,4762.861243,
220.0004,191,4769.54065,
222.22261,213,5118.059422,
220.0004,209,5125.33792,
220.0004,215,5132.71757,
221.11151,211,5139.993704,
224.44482,208,5147.118164,
223.33371,209,5154.279977,
221.11151,217,5161.721077,
220.0004,226,5169.40026,
222.2226,201,5176.276621,
222.22261,194,5512.975603,
224.44484,191,5519.825673,
224.44482,197,5526.808136,
220.0004,187,5533.378843,
224.44482,197,5540.207268,
222.07375,189,5546.164935,
220.0004,194,5552.939218,
222.2226,190,5559.683817,
220.0004,194,5566.792204,
227.77817,204,5573.987759,
81.111176,799,5941.098896,
84.44452,799,5968.665921,
224.44484,532,6327.951402,
222.2226,571,6346.915195,
222.07373,560,6365.283153,
227.77817,238,6710.576663,
220.0004,234,6718.890076,
224.44482,246,6727.302806,
218.88928,212,6734.843891,
220.0004,237,6742.984136,
224.44484,224,6749.808168,
218.88928,227,6757.715715,
222.22261,225,6765.694454,
218.88928,193,7092.865618,
220.0004,198,7100.201996,
225.55595,203,7107.406951,
220.0004,194,7113.490645,
220.0004,187,7120.532939,
225.55594,200,7127.853984,
220.0004,205,7134.246935,
226.66705,206,7141.565487,
227.77817,211,7149.033931,
225.55594,204,7155.225346,
220.0004,198,7492.600065,
220.0004,187,7500.72329,
222.2226,190,7506.68713,
222.2226,190,7513.978328,
220.0004,183,7521.098779,
220.0004,185,7527.074736,
222.2226,188,7534.230342,
223.33372,193,7540.246737,
218.88928,184,7547.182345,
51.111095,57,7549.328464,
226.66705,200,7556.752069,
65.55559,69,7893.666688,
74.44452,77,7896.628869,
-1.9073486e-06,10,7897.605667,
-6.666667,4,7898.343265,
-5.5555563,5,7899.131836,
25.555546,33,7900.726815,
18.888882,27,7902.24633,
7.777773,17,7903.363147,
45.55554,51,7907.646553,
68.88893,72,7910.36955,
72.222275,75,7913.051871,
57.777786,62,7915.269472,
75.55563,78,7919.666527,
60.000015,64,7922.11087,
3.3333302,13,7923.04073,
60.000023,64,7925.380605,
66.6667,70,7927.9342,
65.555595,69,7931.785136,
-5.5555563,5,7932.475816,
34.44443,41,7934.530211,
83.333435,85,7937.750293,
81.111206,83,7940.804342,
43.333317,49,7944.133686,
44.444427,50,7946.202415,
24.444435,32,7947.719278,
66.66672,70,7950.340593,
37.777763,44,7952.156032,
-5.5555563,5,7952.80857,
58.8889,63,7955.130022,
38.888874,45,7958.191732,
88.88901,90,7961.517309,
51.1111,56,7963.60966,
19.999992,28,7964.917239,
77.777855,80,7968.944906,
48.88888,54,7971.035378,
62.222244,66,7973.4382,
70.00005,73220.0004,171,8251.565075,
220.0004,171,8258.898449,
220.0004,171,8264.58392,
220.0004,171,8271.914966,
220.0004,171,8277.9998.88904,115,8289.419935,
220.0004,186,8295.36301,
223.33371,190,8302.781662,
220.0004,183,8310.076124,
222.22261,187,8316.006893,
227.77817,199,8323.491764,
120.0220.0004,171,8625.763321,
220.0004,171,8633.066285,
220.0004,171,8639.022766,
220.0004,171,8646.575511,
220.0004,171,8652.932378,220.0004,650,8681.274506,
225.55594,567,8697.036293,
227.77817,369,8708.592302,
220.96265,354,8719.12148,
20.0004,171,8687.351557,
220.0004,171,8694.520875,
29,3315.407214,
1.7009506,34,3317.396768,
3.7009506,33,3319.122373,
3.7009506,33,3321.71695,
1.7009506,35,3323.364157,
3.7009506,38,3325.226674,
3.7009506,33,3327.62528,
3.7009506,36,3329.51733,
3.7009506,33,3331.098818,
3.7009506,37,3332.993245,
3.7009506,33,3335.2572,
12.787783,37,3337.168417,
4.8709297,22,3338.715343,
3.7009506,33,3340.345898,
3.7009506,35,3342.703048,
3.7009506,34,3344.448573,
3.7009506,34,3346.032691,
3.7009506,36,3347.739573,
3.7009506,35,3349.871772,
3.7009506,35,3351.571107,
3.7009506,33,3353.383612,
7.3015842,29,0.44444084,20,3761.184632,
10.444437,31,3762.017493,
-30.876623,46,3763.22397,
11.111105,30,3764.097764,
-1.5555592,19,3764.71541,
2.6666622,19,3765.327799,
-19.380802,34,3766.281677,
-3.7777805,16,3766.840536,
11.924494,26,3767.549864,
3.111105,30,3768.331188,
9.999994,22,3768.967352,
3.9999943,27,3769.702888,
18.228441,39,3770.680014,
5.5555477,38,3771.609306,
6.2222157,30,3772.560845,
10.444437,34,3773.473295,
-5.5555553,7,3773.810991,
9.999994,31,3774.597522,
1.111105,42,3775.605797,
-2.6666698,17,3776.126815,
-7.555559,23,3776.771608,
2.2222195,19,3777.328833,
8.222216,26,3778.026479,
9.333326,30,3779.489894,
3.9999943,27,3780.209155,
11.0356045,30,3780.989673,
9.999994,21,3781.569118,
6.2222157,30,3782.329153,
1.7777729,26,3783.054654,
12.146715,33,3783.895505,
7.111105,32,3784.709339,
3.777773,23,3785.332452,
-2.6666698,21,3785.944926,
0.44444084,17,3786.483958,
12.073355,30,3787.247048,
2.8888836,29,3787.982161,
1.9999943,34,3788.798116,
2.666662-0.5783329,19,3725.593051,
4.7545624,22,3726.842382,
8.858692,26,3728.495804,
4.7545624,20,3729.766047,
1.6449623,21,3731.09007,
4.7545624,20,3732.976251,
8.082073,24,3734.310735,
4.7545624,21,3735.526098,
4.7545624,21,3736.831148,
4.535372,19,3738.28265,
2.5353718,19,3739.587166,
3.6449623,19,3741.567653,
11.083914,25,3743.154732,
5.976057,25,3744.97709,
10.296057,25,3746.689661,
0.31138992,17,3747.86179,
4.7545624,23,3749.142763,
8.082073,23,3751.04968,
3.421667,17,3752.202758,
3.6449623,20,3753.480421,
11.083914,23,3754.803956,
2.5353718,20,3756.116982,
11.4032345,27,3757.621981,
3.7009506,34,3759.917272,
9.189934,24,3761.318248,
9.083914,24,3762.80833,
8.858692,21,3764.122617,
7.976057,23,3765.481176,
0.5353718,20,3767.399055,
2.7545624,24,3768.819569,
3.7009506,35,3770.55003,
6.973915,22,3771.726895,
10.361229,33,3773.337535,
9.189934,26,3775.388477,
12.503542,28,3776.894732,
2.7545624,24,3778.275461,
2.5353718,18,3779.50556,
8.194408,26,3781.072082,
2.7545624,22,3783.163831,
7.864811,24,3784.741105,
2.7545624,24,3786.279063,
4.7545624,20,3787.679777.111105,26,4185.819661,
9.333326,27,4186.534004,
9.999994,22,4187.152569,
9.999994,25,4187.824436,
9.333326,28,4188.617167,
9.999994,20,4189.222243,
-7.7777805,17,4189.751105,
8.222216,26,4190.44196,
10.444437,29,4191.200911,
10.444437,28,4191.937697,
9.999994,28,4192.674274,
9.999994,24,4193.311853,
12.222216,26,4193.993936,
9.999994,29,4194.799418,
9.999994,23,4195.467469,
10.444437,29,4196.25923,
8.222216,31,4197.046683,
4.8888836,25,4197.743198,
11.555548,32,4198.611484,
9.999994,25,4199.302647,
9.333326,28,4200.069048,
10.444437,30,4200.879941,
8.222216,29,4201.623247,
9.333326,27,4202.362545,
10.444437,31,4203.169357,
10.444437,27,4203.888044,
9.999994,32,4204.719101,
10.444437,34,4206.272829,
3.777773,25,4206.945293,
9.333326,28,4207.680073,
-16.88889,6,4208.01055,
19.25814,42,4209.109221,
9.999994,26,4209.817626,
16.666658,29,4210.631949,
10.444437,30,4211.610334,
11.555548,33,4212.450316,
9.333326,27,4213.172438,
11.555548,30,4213.993718,
-37.814144,32,4214.843283,
-2.2222233,9,4215.233044,
9.999994,22,4215.887209,
2.2222195,15,4216.388046,
9.333326,25,4217.085448,
10.444437,31,4217.886436,
7.3333263,27,4218.631485,
10.444437,28,4219.406914,
15.566097,2.7545624,21,4145.410889,
5.864811,21,4146.698369,
5.864811,22,4148.186764,
4.535372,19,4149.400575,
3.421667,17,4150.565793,
4.535372,17,4151.867411,
4.7545624,22,4153.822019,
1.2011232,14,4154.903674,
8.858692,22,4156.418495,
2.5353718,18,4157.633673,
7.864811,21,4158.859717,
8.858692,21,4160.273476,
4.7545624,21,4161.616069,
0.31138992,17,4165.170116,
4.7545624,21,4166.352667,
1.2011232,15,4167.348341,
6.973915,22,4168.690889,
-0.79887676,15,4169.588994,
3.421667,16,4170.592502,
0.08621311,14,4171.617216,
0.31138992,17,4172.773335,
4.535372,19,4174.590765,
1.4216671,18,4175.889539,
2.31139,17,4177.136612,
2.31139,15,4178.245154,
4.535372,17,4179.497272,
5.864811,23,4180.940085,
5.864811,22,4182.258317,
6.858692,23,4184.103823,
-3.0244694,13,4185.132254,
4.535372,17,9.333326,29,4635.344803,
15.566097,33,4636.187821,
23.529972,41,4637.245734,
12.444437,32,4638.08776,
14.228441,39,4639.112887,
9.999994,24,4639.775477,
9.333326,26,4640.664369,
9.999994,23,4641.315351,
2.2222195,19,4641.877445,
9.999994,26,4642.612868,
48.075695,85,4644.622507,
9.999994,22,4645.237157,
10.444437,41,4646.201982,
15.566097,30,4647.000826,
10.444437,29,4647.73278,
10.444437,30,4648.479202,
28.883072,57,4649.925542,
-83.6631,59,4651.323293,
17.889246,38,4652.206198,
11.789782,39,4653.161215,
14.444437,32,4654.651799,
9.999994,30,4655.422745,
2.2222195,21,4656.015677,
11.555548,27,4656.756212,
11.111105,25,4657.438516,
5.9999943,22,4658.057021,
7.111105,27,4658.768052,
18.228441,34,4659.666946,
11.111105,24,4660.319991,
18.877039,39,4661.26664,
-36.69991,44,4662.362887,
15.566097,35,4663.292007,
15.566097,32,4664.103023,
11.555548,32,4664.917358,
10.444437,30,4665.653997,
-2.8670082,37,4666.582694,
25.636223,45,4667.770034,
9.555548,31,4668.640775,
14.671103,33,4669.508868,
14.228441,40,4670.511321,
1.7158375,38,4671.503952,
9.999994,31,4672.302543,
12.222216,32,4673.111524,
2.2222195,18,4673.646023,
9.999994,23,4674.307366,
-27.147392,43,4675.402771,
14.228441,40,4677.114272,
9.999994,21,4677.705224,
-18.876623,39,4678.711947,
4.228441,36,4679.671057,
16.671103,29,4680.468711,
16.671103,39,4681.441802,
9.999994,24,4682.100276,
19.019402,37,4683.095291,
19.019402,39,4684.137662,
9.999994,25,4684.821958,
-66.9449,49,4686.237083,
3.3333263,31,4687.069138,
-12.110031,45,4688.182524,
9.999994,25,5042.309159,
12.222216,25,5043.026941,
18.228441,34,5043.943906,
9.999994,28,5044.690299,
23.442482,46,5045.900926,
18.228441,31,5046.76332,
9.999994,24,5047.443897,
16.228441,37,5048.440494,
18.228441,36,5049.384253,
19.019402,37,5050.356485,
18.877039,31,5051.202308,
9.999994,24,5051.869274,
19.889246,34,5052.779366,
21.301163,34,5053.652154,
18.228441,33,5054.56076,
-1.1111126,9,5054.944016,
18.228441,32,5055.83249,
-3.333334,8,5056.191572,
23.408451,38,5057.22532,
2.2222195,14,5057.718259,
9.999994,29,5058.464886,
9.999994,22,5059.084974,
11.111105,22,5059.736617,
18.228441,33,5060.586519,
18.228441,30,5061.345456,
14.228441,35,5062.22732,
19.889246,44,5063.353502,
16.228441,34,5065.052812,
12.222216,21,5065.681015,
9.999994,25,5066.398336,
16.228441,33,5067.285452,
9.999994,22,5067.905483,
18.877039,29,5068.682939,
18.228441,30,5069.478981,
9.999994,21,5070.074666,
9.999994,21,5070.678731,
9.999994,24,5071.428443,
17.019402,42,5072.582475,
9.999994,23,5073.247662,
12.228441,34,5074.165534,
19.889246,39,5075.172596,
18.228441,32,5076.027039,
9.999994,19,5076.593215,
11.111105,29,5077.337345,
20.228441,34,5078.249867,
14.444437,26,5078.969314,
19.889246,34,5080.086743,
2.2222195,15,5080.598917,
19.889246,36,5081.591019,
13.333326,27,5082.328373,
12.222216,28,5083.081768,
9.999994,23,5083.728994,
13.333326,30,5084.50072,
19.889246,36,5085.428388,
15.555548,30,5086.241144,
-2.2222233,13,5086.723801,
14.444437,30,5087.533116,
16.666658,27,5088.284883,
2.2222195,15,5088.759474,
19.889246,39,5090.499179,
19.889246,34,5091.425333,
19.889246,35,5092.329944,
19.019402,34,5093.209029,
9.999994,23,5093.838856,
18.228441,33,5094.732694,
18.228441,32,5095.60077,
9.999994,22,5096.31549,
1.1111088,16,5096.857902,
9.999994,25,5097.551506,
-42.70468,55,5098.967631,
18.228441,41,5449.632701,
9.999994,29,5450.418399,
21.301163,34,5451.390786,
13.333326,23,5452.06856,
9.999994,29,5452.823325,
19.889246,43,5453.9598,
9.999994,28,5454.696233,
12.222216,31,5455.527528,
18.044266,35,5456.45849,
16.666658,72,5458.03827,
19.889246,36,5458.974472,
19.889246,41,5459.970115,
19.889246,33,5460.848273,
2.2222195,19,5461.386809,
18.228441,32,5462.257561,
2.2222195,16,5462.776178,
18.228441,33,5463.655967,
4.0803833,37,5464.638575,
14.444437,27,5465.374002,
15.555548,24,5466.03829,
9.999994,22,5466.61823,
9.999994,33,5467.43732,
13.517979,38,5468.433362,
18.044266,36,5469.41819,
20.88123,36,5470.361855,
11.920771,46,5471.694808,
15.555548,25,5473.252833,
-8.079229,82,5475.149922,
3.511921,36,5476.1127,
14.080383,36,5477.097413,
14.444437,53,5478.352724,
18.228441,32,5479.196511,
17.889246,34,5480.103509,
-1.1111126,15,5480.587885,
11.111105,33,5481.430363,
22.289364,32,5482.276022,
19.464075,35,5483.175052,
25.886963,62,5484.735938,
12.222216,25,5485.415886,
19.464075,32,5486.283621,
17.889246,36,5487.192535,
16.309826,38,5488.119267,
9.999994,28,5488.842904,
16.666658,35,5489.741532,
16.309826,38,5490.742807,
11.111105,33,5491.570954,
14.080383,37,5492.515872,
9.999994,26,5493.25706,
14.444437,26,5493.968482,
9.999994,24,5494.610102,
18.044266,35,5495.539652,
9.999994,28,5496.277662,
19.889246,33,5498.048281,
17.132992,33,5498.969456,
11.111105,39,5499.958717,
20.88123,32,5500.839349,
5.52942663.7009506,40,5409.980774,
13.640326,33,5411.541433,
11.425001,31,5413-1.1111126,12,5844.938022,
18.228441,31,5845.767267,
18.228441,31,5846.54965,
18.228441,30,5847.373323,
18.228441,30,5848.202294,
16.671103,29,5848.974983,
9.999994,21,5849.558935,
16.671103,28,5850.322055,
9.999994,21,5850.928777,
9.999994,28,5851.688152,
16.671103,28,5852.47867,
18.228441,30,5853.288593,
9.999994,20,5853.887374,
16.671103,30,5854.742213,
9.999994,23,5855.385235,
18.022507,31,5856.423157,
9.999994,21,5857.046219,
3.3333302,17,5857.573007,
16.671103,30,5858.384657,
-1.1111126,12,5858.84412,
18.228441,30,5859.690691,
9.999994,22,5860.339433,
16.671103,29,5861.145362,
18.228441,30,5862.008425,
19.889246,33,5862.914915,
-4.4444447,6,5863.230392,
12.222216,26,5863.950702,
18.228441,31,5864.806815,
15.566097,28,5865.598945,
15.566097,29,5866.361328,
9.999994,24,5867.005588,
19.889246,33,5867.903675,
9.999994,19,5868.460979,
19.889246,33,5869.34221,
9.999994,21,5870.011955,
9.999994,25,5870.693546,
9.999994,23,5871.324695,
9.999994,23,5872.878128,
18.228441,30,5873.717636,
16.671103,28,5874.493952,
18.228441,30,5875.309215,
12.222216,29,5876.066212,
18.228441,33,5876.893728,
9.999994,24,5877.552612,
12.222216,23,5878.178197,
9.999994,21,5878.778996,
9.999994,20,5879.349067,
14.444437,24,5880.008214,
18.228441,31,5880.829513,
18.228441,30,5881.630934,
9.999994,20,5882.232458,
18.228441,31,5883.080441,
18.228441,30,5883.8905111.083914,24,5807.928017,
9.189934,25,5809.235881,
9.976057,22,5810.420029,
12.194408,24,5811.833467,
5.976057,25,5813.197626,
9.189934,25,5814.54222,
7.083914,27,5815.932454,
7.083914,25,5818.661761,
9.189934,25,5820.085775,
9.976057,22,5821.420845,
8.082073,25,5822.877525,
5.976057,24,5824.200631,
9.189934,24,5825.608402,
7.083914,26,5827.013075,
8.194408,28,5828.635634,
7.189934,26,5831.041301,
8.194408,27,5832.561142,
10.194408,26,5833.953394,
9.189934,26,5835.264542,
7.083914,27,5836.910735,
7.083914,25,5838.342552,
7.083914,25,5839.856609,
11.301584,27,5842.397256,
9.083914,24,5843.729409,
7.976057,23,5845.091382,
12.194408,26,5846.486774,
12.194408,25,5847.915102,
11.301584,28,5819.889246,45,6254.933405,
9.999994,24,6255.657212,
18.228441,33,6256.681101,
16.228441,36,6257.768473,
2.2222195,21,6258.379375,
12.222216,30,6259.208274,
11.111105,25,6259.876149,
16.022507,42,6260.924985,
-70.964386,14,6261.404318,
18.022507,34,6262.334687,
11.111105,31,6263.166221,
18.228441,33,6264.054086,
-3.7777805,32,6264.876114,
16.671103,37,6265.791956,
15.566097,29,6266.609065,
18.228441,35,6267.570032,
16.671103,30,6268.437475,
16.671103,30,6269.253029,
18.228441,35,6270.175676,
14.228441,34,6271.098844,
12.222216,30,6271.882753,
18.276035,38,6272.880487,
9.999994,25,6273.580813,
16.671103,33,6274.510461,
2.2222195,19,6275.072968,
9.999994,24,6275.774057,
18.228441,35,6276.72894,
16.465225,33,6277.582533,
14.671103,31,6278.433625,
18.228441,40,6279.462466,
19.25814,33,6280.339955,
18.228441,40,6281.388902,
2.2222195,23,6282.051462,
9.999994,28,6284.049048,
18.474781,35,6285.187786,
21.632896,43,6286.260227,
17.889246,41,6287.345689,
16.666658,33,6288.241543,
11.111105,33,6289.05711,
12.222216,25,6289.76213,
9.999994,25,6290.448182,
19.594646,36,6291.513404,
5.408451,43,6292.639251,
2.2222195,22,6293.287906,
19.776167,33,6294.194249,
18.022507,35,6295.093365,
9.999994,25,6295.752604,
18.680716,38,6296.7129,
12.222216,33,6297.572307,
17.464075,39,6298.625717,
21.301163,44,6299.765471,
3.5119217.3015842,28,6215.151345,
13.640326,31,6216.937942,
13.5169735,28,6218.533397,
15.640326,30,6220.154164,
11.301584,26,6221.667782,
13.640326,31,6223.706176,
11.425001,29,6226.606339,
12.503542,27,6228.138817,
16.530405,28,6229.781851,
12.707176,31,6231.637389,
12.503542,27,6233.252508,
11.301584,26,629.999994,28,6646.995892,
4.8888836,25,6647.707721,
11.111105,34,6648.592927,
15.566097,30,6649.428606,
18.228441,32,6650.280498,
4.8888836,26,6651.006794,
15.566097,29,6651.835381,
16.465225,33,6652.737223,
16.671103,29,6653.547389,
16.671103,32,6654.377208,
16.671103,35,6655.265434,
12.222216,29,6655.999978,
14.444437,29,6656.742618,
18.228441,36,6657.683749,
9.999994,74,6659.359479,
15.555548,28,6660.144748,
16.671103,31,6660.967952,
16.671103,32,6661.826742,
16.671103,32,6662.706881,
18.228441,34,6663.670312,
18.671103,45,6665.01098,
19.776167,32,6665.891211,
16.671103,29,6666.699748,
13.333326,31,6667.5075,
11.111105,25,6668.198164,
9.999994,35,6669.074182,
3.3333302,35,6669.940694,
15.566097,62,6671.453282,
16.671103,32,6672.416007,
18.228441,36,6673.413115,
2.2222195,29,6674.223262,
11.111105,32,6675.132212,
18.022507,32,6676.03415,
16.671103,28,6676.816304,
4.8888836,38,6678.952975,
18.671103,39,6680.014082,
12.222216,32,6680.908732,
16.666658,42,6682.037297,
15.566097,34,6682.977359,
15.555548,49,6684.244555,
16.671103,30,6685.15783,
14.444437,31,6686.051503,
16.671103,29,6686.863199,
16.671103,32,6687.721594,
9.999994,32,6688.603333,
16.671103,33,6689.52442,
16.671103,30,6690.387798,
4.8888836,24,6691.12121,
-2.8888912,21,6691.784335,
18.228441,48,6693.102783,
18.671103,33,6694.081157,
-2.6666698,35,6695.032681,
18.228441,33,6696.008615,
9.999994,67,6697.601494,
18.022507,36,6698.620901,
16.671103,33,6699.538105,
16.671103,29,6700.377609,
9.999994,30,6701.215882,
19.776167,37,12.41157,32,6618.228441,74,7050.290175,
16.671103,38,7051.401208,
9.999994,80,7053.435417,
16.671103,32,7054.338788,
16.671103,44,7055.452741,
9.999994,38,7056.418957,
18.022507,34,7057.327956,
16.671103,30,7058.142421,
16.671103,32,7059.008705,
16.671103,33,7059.892644,
18.228441,36,7061.04723,
16.671103,37,7062.011606,
19.464075,40,7063.075561,
15.555548,65,7064.616637,
16.666658,48,7065.807373,
-1.1111126,13,7066.278133,
18.228441,31,7067.121078,
18.228441,67,7068.706586,
15.566097,36,7069.625003,
15.566097,32,7070.427235,
18.228441,65,7071.976099,
18.022507,48,7073.206357,
19.464075,38,7074.176831,
18.022507,34,7075.041122,
19.889246,35,7075.968626,
18.228441,34,7076.812328,
16.671103,30,7077.610124,
15.555548,32,7079.876107,
18.228441,36,7080.83689,
16.671103,33,7081.725172,
19.464075,37,7082.717848,
9.999994,92,7084.740672,
18.022507,31,7085.622991,
16.671103,32,7086.473635,
14.444437,34,7087.352679,
19.570232,33,7088.232739,
16.465225,65,7089.707728,
18.228441,44,7090.829106,
16.671103,36,7091.734303,
16.666658,43,7092.801531,
18.228441,31,7093.625174,
16.671103,59,7095.029708,
18.228441,35,7095.965852,
16.671103,35,7096.854719,
18.228441,46,7097.990271,
18.022507,30,7098.806955,
19.464075,39,7099.852428,
16.671103,70,7101.484212,
21.301163,40,7429.025725,
18.228441,32,7429.983525,
18.228441,31,7430.939938,
9.999994,63,7432.370166,
11.111105,28,7433.136426,
18.228441,34,7434.072387,
18.228441,35,7435.0039,
19.889246,37,7435.971836,
19.464075,35,7436.926111,
19.464075,56,7438.354838,
19.464075,39,7439.40911,
16.666658,52,7440.849618,
18.228441,37,7441.853232,
21.301163,41,7442.960669,
18.022507,33,7443.893621,
11.111105,25,7444.618547,
1.1111088,14,7445.107657,
9.999994,24,7445.80797,
19.301163,41,7446.92919,
18.228441,42,7448.054208,
19.464075,34,7449.012929,
18.228441,36,7449.995602,
18.228441,36,7450.977405,
19.464075,35,7451.886368,
19.889246,36,7452.8155,
18.228441,33,7453.699915,
17.771975,41,7454.738241,
17.771975,61,7456.153123,
18.228441,56,7457.452004,
9.999994,29,7458.225011,
18.228441,39,7459.237095,
21.301163,39,7461.758391,
19.889246,43,7462.852106,
21.632896,60,7464.285734,
18.228441,31,7465.128778,
18.228441,35,7466.068774,
19.889246,67,7467.669733,
21.301163,36,7468.614622,
20.675295,36,7469.577985,
9.999994,36,7470.437167,
18.228441,34,7471.285604,
13.333326,41,7472.2365,
19.464075,39,7473.263464,
19.889246,39,7474.262704,
15.555548,36,7475.165412,
-1.9073486e-06,13,7475.609502,
15.555548,54,7476.858552,
9.999994,43,7477.903105,
19.889246,40,7478.961354,
18.228441,37,7479.890643,
18.228441,31,7480.694638,
19.889246,35,7481.609108,
19.889246,34,7828.550086,
21.301163,38,7829.635481,
9.999994,34,7830.537059,
18.228441,32,7831.392322,
21.301163,36,7832.32267,
19.889246,41,7833.388779,
21.301163,41,7834.517627,
15.555548,30,7835.355065,
13.333326,29,7836.316041,
21.301163,43,7837.421178,
21.301163,42,7838.518713,
19.889246,35,7839.453999,
21.301163,42,7840.511346,
21.301163,42,7841.653309,
21.301163,41,7842.80707,
11.111105,29,7843.614826,
18.022507,32,7844.499602,
9.999994,30,7845.266769,
19.889246,34,7846.188086,
-3.333334,9,7846.588006,
21.301163,40,7847.709547,
21.301163,39,7848.767115,
19.889246,37,7849.761606,
18.228441,34,7850.663033,
19.889246,33,7851.55266,
2.2222195,13,7852.022925,
16.666658,52,7853.280467,
14.444437,35,7854.20175,
19.889246,40,7855.334419,
12.222216,43,7856.38373,
14.444437,96,7858.49658,
9.999994,23,7859.15062,
3.3333302,15,7859.629161,
14.444437,45,7860.63763,
19.889246,40,7862.995953,
3.3333302,27,7863.731877,
9.999994,45,7864.762894,
19.889246,34,7865.680576,
15.555548,39,7866.685206,
21.301163,34,7867.601674,
13.333326,36,7868.501028,
19.889246,32,7869.36413,
18.228441,34,7870.244844,
13.333326,30,7870.958875,
18.228441,44,7872.047523,
12.222216,28,7872.780783,
17.771975,39,7873.744348,
21.301163,64,7875.270152,
11.111105,54,7876.489999,
21.301163,35,7877.373897,
16.666658,1.7009506,41,7791.392563,
3.7009506,36,7793.106551,
-0.29904938,39,7794.93666,
-0.29904938,38,7796.68339,
-0.29904938,36,7798.345113,
-4.2990494,419.889246,52,8253.424198,
19.889246,70,8255.254273,
21.301163,70,8256.919725,
18.877039,55,8258.224682,
21.301163,37,8259.189425,
16.666658,46,8260.258224,
21.301163,60,8261.648815,
21.301163,36,8262.612504,
21.301163,34,8263.531972,
21.301163,44,8264.664894,
21.301163,35,8265.514458,
21.752094,43,8266.533625,
21.301163,42,8267.60031,
21.301163,46,8268.780446,
17.771975,54,8270.043849,
21.301163,38,8271.061649,
21.301163,135,8273.983961,
19.889246,76,8275.729662,
23.408451,65,8277.282821,
21.301163,35,8278.172556,
19.889246,36,8279.068319,
21.301163,36,8279.955629,
21.301163,82,8281.844471,
18.228441,33,8282.747372,
21.301163,35,8283.69575,
19.889246,71,8286.649311,
21.301163,46,8287.84661,
19.889246,33,8288.757682,
17.771975,40,8289.739616,
19.187696,154,8293.668806,
21.301163,66,8295.290112,
47.469555,127,8298.761543,
21.301163,147,8302.037952,
21.200926,42,8303.11234,
16.666658,58,8627.670595,
3.6640892,51,8628.886347,
21.301163,46,8630.054016,
-65.87799,62,8631.633902,
15.555548,55,8632.975009,
15.555548,52,8634.255269,
-146.34119,124,8637.207011,
-329.12073,116,8639.943096,
4.4254646,207,8644.501753,
21.301163,48,8645.770725,
21.650402,48,8647.013417,
19.84068,46,8648.269854,
15.555548,35,8649.180425,
14.444437,46,8650.304155,
22.6339,33,8651.227308,
17.408451,71,8652.995064,
19.95818,71,8654.928517,
21.408451,40,8656.028176,
16.666658,39,8657.014868,
-5.576153,45,8659.586185,
14.444437,27,8660.437149,
9.999994,34,8661.330641,
19.422138,45,8662.54749,
19.95818,42,8663.688954,
-35.212154,53,8665.139368,
12.222216,36,8666.096577,
1.7365274,110,8668.7-0.29904938,73,8579.183127,
-2.2990494,76,8582.172657,
4.7678375,77,8585.164674,
-2.2990494,68,8589.199921,
-4.2990494,59,8591.505715,
-2.2916.666658,32,8991.875813,
18.877039,32,8992.713472,
-2.2222233,9,8993.102271,
17.408451,49,8994.43179,
12.222216,33,8995.31534,
16.666658,60,8996.762186,
12.222216,31,8997.60585,
20.065468,65,8999.191505,
13.333326,37,9000.116702,
3.3333302,24,9000.791047,
2.2222195,16,9001.289118,
53.656525,114,9004.018724,
14.444437,49,9005.18808,
31.760254,55,9006.646874,
65.50633,122,9009.756606,
21.301163,62,9011.271199,
38.976498,121,9014.239287,
16.625288,68,9015.968464,
27.866276,79,9018.023052,
21.301163,37,9019.037999,
15.555548,45,9020.164893,
11.111105,26,9020.913879,
24.010914,39,9021.944972,
58.835823,124,9026.60116,
21.408451,42,9027.760313,
48.100685,88,9030.05442,
71.82391,129,9033.370187,
19.982101,56,9034.782012,
13.333326,46,9035.951753,
30.602272,60,9037.532171,
16.666658,58,9038.930307,
15.555548,53,9040.189378,
56.223618,140,9043.68584,
8.228441,34,6240.480717,
2.2222195,13,6240.922724,
9.999994,27,6241.611214,
18.228441,35,6242.504073,
9.999994,31,6243.336357,
12.222216,26,6244.021849,
16.671103,33,6244.901146,
9.999994,56,6246.229043,
11.111105,33,6247.11928,
18.022507,32,6248.015187,
1.1111088,19,6248.56819,
9.999994,28,6249.272408,
11.111105,40,6250.237085,
18.877039,48,6251.358667,
12.222216,35,6252.210629,
18.228441,33,6253.07408,
18.022507,45,6254.17478,
9.999994,42,6600.739295,
16.671103,65,6602.364082,
15.566097,35,6603.250417,
9.999994,42,6604.280719,
16.666658,42,6605.343062,
16.671103,36,6606.32669,
9.999994,90,6608.365204,
12.222216,32,6609.219018,
17.81663,39,6610.16094,
12.222216,41,6611.152432,
9.999994,47,6612.367057,
16.671103,34,6613.486104,
4.8888836,36,6614.368025,
2.2222195,18,6614.91042,
18.877039,32,6615.734801,
16.465225,33,6616.56481,
13.333326,38,6617.475426,
15.566097,29,6618.198828,
16.671103,37,6619.102377,
15.566097,37,6620.110131,
2.2222195,19,6620.712039,
11.555548,27,6621.47378,
15.555548,40,6622.45676,
16.671103,29,6623.183234,
16.465225,33,6624.021598,
12.222216,40,6625.127976,
9.999994,39,6626.11251,
18.228441,38,6627.091485,
2.2222195,21,6627.703344,
16.671103,32,6628.594704,
14.444437,28,6629.33426,
16.671103,44,6630.407158,
16.671103,41,6631.41164,
14.444437,45,6632.53829,
9.999994,38,6635.138453,
16.671103,32,6636.004903,
11.111105,44,6637.120517,
15.566097,28,6637.894555,
18.228441,40,6638.914641,
7.3333263,31,6639.762403,
18.228441,33,6640.614287,
16.671103,29,6641.406666,
12.222216,46,6642.553335,
11.555548,42,6643.627898,
17.771975,42,6644.723327,
18.228441,34,6645.619609,
9.999994,88,6647.611774,
18.022507,35,6648.519375,
16.465225,32,6649.401557,
18.022507,33,6650.339658,
13.333326,30,6651.139742,
16.666658,55,6652.422058,
18.228441,36,6653.348312,
19.464075,52,6992.854073,
11.111105,53,6994.081982,
18.228441,39,6995.019436,
19.464075,56,6996.36774,
18.228441,34,6997.289089,
21.301163,40,6998.328892,
13.333326,32,6999.100388,
18.228441,42,7000.292999,
15.555548,71,7001.964773,
21.12757,70,7003.61911,
11.111105,39,7004.593628,
18.022507,42,7005.683584,
14.444437,44,7006.765361,
21.301163,36,7007.72266,
14.444437,52,7008.96785,
18.228441,39,7009.957856,
18.228441,46,7011.007029,
18.228441,34,7011.848896,
9.999994,98,7014.000289,
11.111105,38,7014.923144,
9.999994,41,7015.925094,
18.228441,33,7016.835818,
12.222216,45,7017.971538,
21.301163,47,7019.177395,
9.831448,43,7020.233224,
19.464075,39,7021.196884,
14.444437,28,7021.930166,
9.999994,26,7022.64751,
11.111105,49,7023.789665,
19.464075,42,7025.97365,
9.999994,65,7027.484644,
19.301163,41,7028.607649,
9.999994,60,7030.042596,
12.222216,34,7030.939252,
19.889246,54,7032.26887,
19.464075,39,7033.239829,
15.555548,43,7034.250682,
18.228441,37,7035.203292,
19.889246,44,7036.340947,
17.771975,71,7038.001361,
9.999994,51,7039.228459,
17.889246,38,7040.202718,
9.999994,40,7041.199112,
-14.922058,77,7042.976064,
18.228441,36,7379.653547,
12.222216,50,7380.768919,
14.444437,28,7381.50841,
9.999994,42,7382.599122,
3.3333302,35,7383.48775,
19.889246,33,7384.366611,
11.111105,32,7385.215153,
14.444437,42,7386.240225,
13.333326,54,7387.547209,
12.222216,83,7389.401346,
19.889246,39,7390.445741,
19.889246,33,7391.327718,
19.889246,40,7392.614981,
12.222216,125,7395.334448,
18.228441,33,7396.147508,
12.222216,43,7397.166289,
9.999994,43,7398.195692,
9.999994,36,7399.097075,
18.228441,37,7400.032848,
9.999994,50,7401.190271,
12.222216,43,7402.263655,
19.889246,38,7403.233052,
18.228441,35,7404.160353,
19.889246,38,7405.117158,
14.444437,49,7406.30988,
18.228441,37,7407.231676,
9.999994,165,7410.819131,
18.228441,34,7413.528544,
21.301163,45,7414.630129,
11.111105,49,7415.759688,
5.5555515,49,7416.938127,
17.771975,33,7417.816101,
15.555548,37,7418.78891,
9.999994,48,7419.90528,
11.111105,34,7420.727692,
18.228441,41,7421.779462,
14.444437,34,7422.619047,
18.228441,32,7423.42791,
18.228441,45,7424.489205,
18.228441,40,7425.491965,
16.666658,62,7426.916825,
19.889246,40,7427.96484,
12.222216,80,7429.834644,
21.301163,34,7778.920652,
19.889246,34,7779.794859,
18.877039,41,7780.788918,
2.2222195,26,7781.51955,
19.889246,56,7782.855467,
19.889246,37,7783.821273,
14.444437,36,7784.767396,
-1.9073486e-06,14,7785.280063,
13.333326,43,7786.383797,
9.999994,43,7787.466081,
19.889246,37,7788.424903,
19.889246,37,7789.372892,
19.889246,34,7790.3008,
18.877039,30,7791.140874,
19.889246,35,7792.068614,
18.877039,28,7792.837134,
18.228441,39,7793.832708,
21.200926,47,7795.068897,
-1.1111126,13,7795.731392,
11.111105,32,7796.560812,
13.333326,37,7797.435895,
19.889246,33,7798.294536,
15.555548,29,7799.080581,
13.333326,31,7799.861295,
19.889246,34,7800.723828,
9.999994,48,7801.86757,
14.444437,47,7802.941394,
15.555548,70,7804.466813,
21.200926,33,7805.351344,
16.666658,52,7806.584671,
19.889246,32,7807.459972,
19.889246,42,7808.568821,
9.999994,360,7817.390112,
13.333326,39,7818.387608,
9.999994,30,7819.194765,
11.111105,26,7819.901215,
8.888884,22,7820.519333,
18.228441,33,7821.427194,
19.889246,34,7822.322109,
9.999994,88,7824.295418,
19.889246,35,7825.227195,
21.301163,40,7826.185722,
2.2222195,13,7826.648982,
-1.1111126,14,7827.128269,
2.2222195,27,7827.860975,
9.999994,55,7829.158078,
21.301163,48,8200.170537,
21.301163,70,8201.828367,
19.301163,44,8202.971388,
21.301163,60,8204.410707,
19.800581,52,8205.694758,
18.228441,31,8206.478124,
19.95818,41,8207.485218,
11.111105,45,8208.560874,
15.555548,68,8210.027833,
19.301163,50,8211.210629,
15.555548,39,8212.235278,
14.444437,108,8214.552944,
21.301163,42,8215.589256,
21.301163,34,8216.414061,
19.464075,33,8217.239987,
21.301163,39,8218.259991,
21.301163,39,8219.266588,
19.95818,38,8220.199259,
21.301163,73,8221.879248,
18.877039,57,8223.177456,
21.301163,39,8224.158095,
21.408451,136,8227.374439,
21.301163,35,8228.283571,
19.889246,63,8229.707872,
21.19999,75,8231.463353,
14.444437,43,8232.496021,
21.301163,57,8235.144845,
21.301163,73,8236.860261,
21.74865,43,8237.954293,
14.444437,59,8239.250894,
18.877039,378,8246.757628,
21.301163,34,8568.985744,
15.555548,29,8569.749578,
16.666658,40,8570.676337,
21.301163,36,8571.643671,
-1.9073486e-06,15,8572.115391,
21.301163,42,8573.123121,
21.301163,38,8574.174669,
-1.9073486e-06,10,8574.589332,
2.2222195,12,8575.040049,
14.444437,35,8575.919823,
21.301163,37,8576.8848,
14.444437,48,8578.045871,
19.889246,34,8578.927434,
14.444437,61,8580.297698,
14.444437,43,8581.407262,
21.994043,76,8583.139986,
21.301163,36,8584.049144,
17.771975,32,8584.852595,
21.301163,39,8585.834619,
21.301163,36,8586.695024,
21.301163,39,8587.619262,
1.1111088,11,8588.061299,
21.301163,34,8588.969221,
21.301163,40,8589.882468,
16.666658,40,8590.858092,
19.408451,47,8592.036659,
1.1111088,19,8592.597731,
19.301163,40,8593.62711,
-1.9073486e-06,11,8594.052133,
15.555548,46,8595.094548,
14.444437,43,8596.063404,
21.301163,36,8596.96484,
14.444437,46,8598.001484,
-1.9073486e-06,14,8601.557182,
15.555548,41,8602.51761,
-2.2222233,9,8602.896322,
14.444437,40,8603.868155,
16.666658,216,8608.28755,
21.301163,37,8609.218019,
14.444437,54,8610.656543,
21.301163,37,8611.602332,
21.301163,36,8612.477536,
15.555548,36,8613.389907,
21.301163,36,8614.272694,
21.301163,38,8615.190963,
14.444437,53,8616.423715,
16.666658,41,8617.411929,
12.222216,33,8618.257053,
21.301163,37,8619.166291,
