#{"t_start": 1662994998.7617157, "env_id": null}
r,l,t,is_success--230.63531,50,319.306361,
-186.4487,38,321.116205,
-189.63318,35,322.740293,
-124.335464,21,324.052583,
-187.55981,37,325.72624,
-78.48219,10,326.649869,
-68.48219,9,327.534256,
-180.18874,33,329.140942,
-187.55981,37,330.873101,
-187.55981,37,332.576542,
-114.335464,20,333.726063,
-241.74643,50,335.765637,
-228.4131,52,338.037014,
-77.926636,11,338.906275,
-58.482193,8,339.695951,
-189.63318,35,341.37319,
-133.7799,23,342.644069,
-189.63318,35,344.316476,
-189.63318,35,346.025655,
-122.2621,23,347.256701,
-228.4131,52,349.413169,
-129.6332,27,350.855982,
-186.4487,38,352.549525,
-78.48219,10,353.388155,
-77.926636,11,354.298616,
-187.55981,37,355.898371,
-77.926636,11,356.793447,
-187.55981,37,358.52956,
-131.70654,25,359.930535,
-188.11537,36,361.566832,
-58.482193,8,362.384727,
-187.55981,37,364.125268,
-190.18874,34,365.62994,
-231.74643,49,367.696223,
-77.926636,11,368.860636,
-77.926636,11,369.761949,
-186.44872,38,371.547054,
-114.335464,20,372.738006,
-122.2621,23,374.118964,
-133.7799,23,375.335093,
-231.74643,49,377.377881,
-189.63318,35,378.992373,
-56.25997,10,379.842098,
-242.85754,49,381.926422,
-68.48219,9,382.888598,
-187.55981,37,384.437395,
-129.6332,27,385.838541,
-114.335464,20,387.129288,
-114.335464,20,388.283846,
-58.482193,8,389.430233,
-77.926636,11,390.497668,
-133.7799,23,391.914166,
-133.7799,23,393.129931,
-190.18874,34,394.835746,
-189.63318,35,396.60007,
-68.48219,9,397.489203,
-189.63318,35,399.240678,
-114.335464,20,400.417188,
-187.55981,37,402.253425,
-77.926636,11,403.275486,
-187.55981,37,404.852421,
-236.33974,55,407.206583,
-129.6332,27,408.706179,
-230.63531,50,410.724616,
-78.48219,10,411.623794,
-133.7799,23,412.922219,
-78.48219,10,413.794499,
-180.18874,33,415.425998,
-190.18874,34,417.058414,
-230.63533,50,419.101912,
-237.45085,54,421.26017,
-187.55981,37,422.962049,
-190.18874,34,424.443452,
-114.335464,20,425.684413,
-236.33974,55,427.931096,
-130.18875,26,429.302589,
-122.2621,23,430.652534,
-114.335464,20,431.774424,
-228.4131,52,433.879567,
-77.926636,11,434.989702,
-77.926636,11,435.86737,
-78.48219,10,436.7803,
-114.335464,20,438.105376,
-77.926636,11,439.097123,
-130.18875,26,440.33762,
-230.63531,50,442.543748,
-129.6332,27,443.947764,
-114.335464,20,445.260399,
-133.7799,23,446.500986,
-186.44872,38,448.29876,
-130.18875,26,449.666131,
-130.18875,26,451.116624,
-187.55981,37,452.812605,
-114.335464,20,453.919644,
-58.482193,8,454.64495,
-237.45085,54,456.854269,
-130.18875,26,458.291522,
-187.55981,37,460.046014,
-133.7799,23,461.256105,
-114.335464,20,462.941102,
